,Unnamed: 0,Unnamed: 0.1,Name,Artist,Song ID,Danceability,Energy,Tempo,Valence,Time,sentiment_score,sentiment_mag
0,0,0,Paris in the Rain,Lauv,41CgzGD7xlgnJe14R4cqkL,0.426,0.408,76.309,0.528,2019-10-20 07:27:22.343828,0.1,19.9
1,1,1,drunk,keshi,6D6HVKe7Qu3imn4zzJD0W9,0.691,0.389,104.952,0.306,2019-10-21 07:27:22.343828,0.0,14.0
2,2,2,Malibu Nights,LANY,0Eqg0CQ7bK3RQIMPw1A7pl,0.5589999999999999,0.422,74.002,0.191,2019-10-22 07:27:22.343828,-0.2,28.1
3,3,3,2 soon,keshi,5SlU0Yhi51jobhEiGE4xDv,0.517,0.6629999999999999,174.032,0.146,2019-10-23 07:27:22.343828,-0.1,23.6
4,4,4,summer,keshi,0LqCvXVNvcnkq78sCQsoO0,0.7170000000000001,0.453,85.005,0.483,2019-10-24 07:27:22.343828,0.1,17.6
5,5,5,Blue & Grey,BTS,0n2moJpAEWHwaPYYjkzMDl,0.547,0.605,121.953,0.364,2019-10-25 07:27:22.343828,0.1,15.1
6,6,6,Turn Back Time,Daniel Schulz,4KnnWpUyPfQD6X5SQSTlH3,0.68,0.34600000000000003,95.952,0.224,2019-10-26 07:27:22.343828,-0.1,18.8
7,7,7,What If I Told You That I Love You,Ali Gatie,74D7JUfU6HYeMx4bZhsHnG,0.605,0.365,84.62799999999999,0.224,2019-10-27 07:27:22.343828,0.0,19.6
8,8,8,talk is overrated,Jeremy Zucker,7cflqPPi3zWfLFRRBTWeh6,0.7759999999999999,0.353,138.035,0.6579999999999999,2019-10-28 07:27:22.343828,-0.3,20.6
9,9,9,like i need u,keshi,7ivYWXqrPLs66YwakDuSim,0.748,0.465,119.872,0.412,2019-10-29 07:27:22.343828,-0.3,21.6
10,10,10,My Man,Jony J,2wGR3wl2eSWtTggYuKNrMQ,0.852,0.5760000000000001,113.965,0.265,2019-10-30 07:27:22.343828,-0.2,18.8
11,11,11,阿司匹林,王以太,0pQVtvG3YTqZ1cAvCtvIW4,0.802,0.6890000000000001,135.971,0.302,2019-10-31 07:27:22.343828,-0.2,14.1
12,12,12,i'm so tired...,Lauv,4vjpLMyL3ZO6aphdYr8XYw,0.599,0.733,102.211,0.534,2019-11-01 07:27:22.343828,-0.3,30.9
13,13,13,Head In The Clouds,88rising,3kYARoLSAvt86VFZ55BQcq,0.516,0.456,145.843,0.238,2019-11-02 07:27:22.343828,0.1,26.3
14,14,14,Saturday Nights,Khalid,5kfNriitmkNE8mUbZ7gbq8,0.551,0.44,167.923,0.341,2019-11-03 07:27:22.343828,0.1,25.3
15,15,15,Stan,6LACK,1mggAh6xgnKUT6ukw3AU9A,0.333,0.328,92.889,0.152,2019-11-04 07:27:22.343828,0.0,6.0
16,16,16,50 Feet,SoMo,6YI65Sb4nKEgu9pVl5GWjm,0.515,0.458,92.988,0.117,2019-11-05 07:27:22.343828,0.2,16.8
17,17,17,3:00 AM,Finding Hope,5HsSsEeP3hU9QSfHZrzbtA,0.55,0.147,81.991,0.0346,2019-11-06 07:27:22.343828,0.0,14.2
18,18,18,Life Goes On,BTS,249gnXrbfmV8NG6jTEMSwD,0.5660000000000001,0.716,81.068,0.45,2019-11-07 07:27:22.343828,-0.3,20.2
19,19,19,8 Letters,Why Don't We,4zRZAmBQP8vhNPf9i9opXt,0.607,0.478,88.979,0.255,2019-11-08 07:27:22.343828,-0.2,9.9
20,20,20,Nice For What,Drake,3CA9pLiwRIGtUBiMjbZmRw,0.585,0.909,93.372,0.758,2019-11-09 07:27:22.343828,0.0,30.8
21,21,21,me & ur ghost,blackbear,4yJiXq86uM56uIfIZgE440,0.755,0.631,100.026,0.8809999999999999,2019-11-10 07:27:22.343828,-0.3,29.6
22,22,22,Godzilla (feat. Juice WRLD),Eminem,7FIWs0pqAYbP91WWM0vlTQ,0.8079999999999999,0.745,165.995,0.8290000000000001,2019-11-11 07:27:22.343828,0.2,22.0
23,23,23,RITMO (Bad Boys For Life),Black Eyed Peas,6cy3ki60hLwimwIje7tALf,0.721,0.716,104.994,0.667,2019-11-12 07:27:22.343828,-0.2,30.6
24,24,24,BOP,DaBaby,6Ozh9Ok6h4Oi1wUSLtBseN,0.769,0.787,126.77,0.836,2019-11-13 07:27:22.343828,-0.4,21.7
25,25,25,SAD!,XXXTENTACION,3ee8Jmje8o58CHK66QrVC2,0.74,0.613,75.023,0.473,2019-11-14 07:27:22.343828,-0.3,34.2
26,26,26,Arms Around You (feat. Maluma & Swae Lee),XXXTENTACION,2LskIZrCeLxRvCiGP8gxlh,0.703,0.723,104.969,0.28800000000000003,2019-11-15 07:27:22.343828,0.0,29.3
27,27,27,Lucid Dreams,Juice WRLD,285pBltuF7vW8TeWk8hdRR,0.511,0.5660000000000001,83.90299999999998,0.218,2019-11-16 07:27:22.343828,-0.1,29.6
28,28,28,Moonlight,XXXTENTACION,0JP9xo3adEtGSdUEISiszL,0.921,0.537,128.009,0.711,2019-11-17 07:27:22.343828,-0.1,14.9
29,29,29,XO Tour Llif3,Lil Uzi Vert,7GX5flRQZVHRAGd6B4TmDO,0.732,0.75,155.096,0.401,2019-11-18 07:27:22.343828,-0.1,22.3
30,30,30,Ransom,Lil Tecca,1lOe9qE0vR9zwWQAOk6CoO,0.745,0.642,179.97400000000005,0.226,2019-11-19 07:27:22.343828,0.0,15.7
31,31,31,ROXANNE,Arizona Zervas,696DnlkuDOXcMAnKlTgXXK,0.621,0.601,116.735,0.457,2019-11-20 07:27:22.343828,-0.2,35.3
32,32,32,Falling,Trevor Daniel,4TnjEaWOeW0eKTKIEvJyCa,0.785,0.431,127.085,0.236,2019-11-21 07:27:22.343828,-0.2,26.5
33,33,33,Bandit (with YoungBoy Never Broke Again),Juice WRLD,6Gg1gjgKi2AK4e0qzsR7sd,0.474,0.631,180.051,0.425,2019-11-22 07:27:22.343828,-0.2,16.5
34,34,34,Robbery,Juice WRLD,6Hj9jySrnFppAI0sEMCZpJ,0.685,0.6920000000000001,159.966,0.578,2019-11-23 07:27:22.343828,-0.1,18.8
35,35,35,Money In The Grave (Drake ft. Rick Ross),Drake,5ry2OE6R2zPQFDO85XkgRb,0.831,0.502,100.541,0.101,2019-11-24 07:27:22.343828,0.0,39.0
36,36,36,Jocelyn Flores,XXXTENTACION,7m9OqQk4RVRkw9JJdeAw96,0.872,0.391,134.02100000000002,0.4370000000000001,2019-11-25 07:27:22.343828,-0.2,15.1
37,37,37,Noticed,Lil Mosey,7zLYKWcXnYeHHWidalz7rj,0.6990000000000001,0.5579999999999999,79.992,0.493,2019-11-26 07:27:22.343828,-0.2,39.2
38,38,38,SICKO MODE,Travis Scott,2xLMifQCjDGFmkHkpNLD9h,0.8340000000000001,0.73,155.00799999999995,0.446,2019-11-27 07:27:22.343828,0.0,31.0
39,39,39,Legends,Juice WRLD,1Knctxx9vGZxpZfF66BIEa,0.594,0.7979999999999999,142.049,0.381,2019-11-28 07:27:22.343828,-0.4,36.3
40,40,40,MIDDLE CHILD,J. Cole,2JvzF1RMd7lE3KmFlsyZD8,0.8370000000000001,0.364,123.984,0.463,2019-11-29 07:27:22.343828,-0.2,23.9
41,41,41,goosebumps,Travis Scott,6gBFPUFcJLzWGx4lenP6h2,0.841,0.728,130.049,0.43,2019-11-30 07:27:22.343828,-0.2,27.5
42,42,42,Fuck Love (feat. Trippie Redd),XXXTENTACION,7AQim7LbvFVZJE3O8TYgf2,0.797,0.5329999999999999,131.036,0.329,2019-12-01 07:27:22.343828,0.0,40.0
43,43,43,Murder On My Mind,YNW Melly,7eBqSVxrzQZtK2mmgRG6lC,0.759,0.73,115.007,0.74,2019-12-02 07:27:22.343828,0.0,18.6
44,44,44,Lust,Lil Skies,7oJrVhiTPZGBXWPwhxjy9S,0.718,0.767,160.084,0.519,2019-12-03 07:27:22.343828,-0.2,34.0
45,45,45,Drip Too Hard (Lil Baby & Gunna),Lil Baby,78QR3Wp35dqAhFEc2qAGjE,0.897,0.662,112.511,0.389,2019-12-04 07:27:22.343828,-0.3,21.4
46,46,46,Going Bad (feat. Drake),Meek Mill,2IRZnDFmlqMuOrYOLnZZyc,0.889,0.496,86.00299999999999,0.544,2019-12-05 07:27:22.343828,-0.3,33.3
47,47,47,Swervin (feat. 6ix9ine),A Boogie Wit da Hoodie,1wJRveJZLSb1rjhnUHQiv6,0.581,0.662,93.023,0.434,2019-12-06 07:27:22.343828,-0.1,23.9
48,48,48,Wow.,Post Malone,7xQAfvXzm3AkraOtGPWIZg,0.8290000000000001,0.539,99.96,0.388,2019-12-07 07:27:22.343828,-0.1,33.9
49,49,49,I,Lil Skies,4ZT9FnbFu1PaBfV3itxiqT,0.649,0.453,99.183,0.431,2019-12-08 07:27:22.343828,0.1,25.2
50,50,50,Kamikaze,Lil Mosey,3to5UxKsozb4T6CfwHuhLJ,0.792,0.5710000000000001,99.999,0.556,2019-12-09 07:27:22.343828,0.0,35.4
51,51,51,Mixed Personalities (feat. Kanye West),YNW Melly,6vWEAOUSxohKxhp0K1BsxL,0.6609999999999999,0.44,149.937,0.35200000000000004,2019-12-10 07:27:22.343828,-0.1,48.7
52,52,52,Nowadays (feat. Landon Cube),Lil Skies,2u7mxWSeoqTXndK5e08jMp,0.745,0.6459999999999999,79.993,0.46,2019-12-11 07:27:22.343828,-0.1,18.7
53,53,53,ZEZE (feat. Travis Scott & Offset),Kodak Black,0FZ4Dmg8jJJAPJnvBIzD9z,0.861,0.603,98.043,0.504,2019-12-12 07:27:22.343828,-0.3,13.1
54,54,54,The London (feat. J. Cole & Travis Scott),Young Thug,3s4mrPrEFFPF0LmAfutW0n,0.784,0.517,97.991,0.206,2019-12-13 07:27:22.343828,-0.2,34.7
55,55,55,Look Back at It,A Boogie Wit da Hoodie,3Ol2xnObFdKV9pmRD2t9x8,0.7909999999999999,0.5870000000000001,96.057,0.536,2019-12-14 07:27:22.343828,-0.5,16.2
56,56,56,Creeping (feat. Rich the Kid),Lil Skies,7ms3VzLTfr7fXNOqA4Mkx9,0.7290000000000001,0.687,160.085,0.6829999999999999,2019-12-15 07:27:22.343828,-0.1,37.6
57,57,57,a lot,21 Savage,2t8yVaLvJ0RenpXUIAC52d,0.8370000000000001,0.636,145.972,0.274,2019-12-16 07:27:22.343828,-0.3,32.7
58,58,58,JAPAN,Famous Dex,5PTG6rrL6EPFD9E2QMI2pl,0.733,0.6779999999999999,175.985,0.841,2019-12-17 07:27:22.343828,-0.3,32.7
59,59,59,emotions,iann dior,5ls62WNKHUUrdF3r1cv83T,0.63,0.63,80.512,0.163,2019-12-18 07:27:22.343828,-0.4,32.8
60,60,60,Red Roses (feat. Landon Cube),Lil Skies,3ZhTT6yjZwpPph5MIJ53XY,0.691,0.6829999999999999,140.002,0.456,2019-12-19 07:27:22.343828,-0.3,24.4
61,61,61,Taking A Walk,Trippie Redd,4mHgYpuGHu99Mw69E83CP2,0.767,0.5379999999999999,81.031,0.343,2019-12-20 07:27:22.343828,-0.3,10.1
62,62,62,Startender (feat. Offset and Tyga),A Boogie Wit da Hoodie,0jAfdqv18goRTUxm3ilRjb,0.736,0.622,191.971,0.506,2019-12-21 07:27:22.343828,-0.6,22.2
63,63,63,Topanga,Trippie Redd,5aXgz1oKK8Q9z9xvTmSnrO,0.755,0.615,105.955,0.039,2019-12-22 07:27:22.343828,-0.8,0.8
64,64,64,romance361,iann dior,33BCQDhwZyiudb8Mud33tb,0.713,0.632,170.009,0.373,2019-12-23 07:27:22.343828,0.0,30.5
65,65,65,CLOUT COBAIN | CLOUT CO13A1N,Denzel Curry,2LNMhZ3YijTO7USmqjgJfG,0.794,0.448,120.055,0.588,2019-12-24 07:27:22.343828,0.0,24.8
66,66,66,Save That Shit,Lil Peep,0S0vWvyZ6Rc79TXkWxT9QA,0.534,0.583,105.997,0.145,2019-12-25 07:27:22.343828,-0.2,19.1
67,67,67,Close Friends (Lil Baby & Gunna),Lil Baby,5nzhL67GpF9szXWg5y509A,0.6759999999999999,0.578,158.89600000000004,0.698,2019-12-26 07:27:22.343828,0.0,26.5
68,68,68,Shake It Up,Trippie Redd,6yz0Jndhv0QjKdpcEMbOjz,0.7759999999999999,0.608,156.025,0.402,2019-12-27 07:27:22.343828,0.0,8.2
69,69,69,18,iann dior,0TK2EY9qEOo7n2c1UGUukJ,0.607,0.462,170.03900000000004,0.585,2019-12-28 07:27:22.343828,-0.1,37.0
70,70,70,Sunflower - Spider-Man: Into the Spider-Verse,Post Malone,0RiRZpuVRbi7oqRdSMwhQY,0.755,0.522,89.96,0.925,2019-12-29 07:27:22.343828,0.0,23.3
71,71,71,Wake Up in the Sky,Gucci Mane,2G1tXoGBaEMJ7FKGnkf6ud,0.8,0.578,143.01,0.3670000000000001,2019-12-30 07:27:22.343828,-0.4,40.7
72,72,72,Life is Beautiful,Lil Peep,5rYpwP1dHWGVMrSZbTmt3e,0.5329999999999999,0.638,135.056,0.324,2019-12-31 07:27:22.343828,-0.2,45.0
73,73,73,I Fall Apart,Post Malone,75ZvA4QfFiZvzhj2xkaWAh,0.556,0.5379999999999999,143.95,0.29100000000000004,2020-01-01 07:27:22.343828,0.0,39.1
74,74,74,Round n Round,Landon Cube,5497yyygT4ijwXH4swmQ86,0.581,0.474,77.976,0.185,2020-01-02 07:27:22.343828,0.1,12.2
75,75,75,No Sad No Bad,KILLY,5nHofSNYy1zxXRwjLhZG0U,0.755,0.569,75.068,0.435,2020-01-03 07:27:22.343828,0.1,13.9
76,76,76,Made In China,Higher Brothers,484SLUDMf2BmrUwtQWkvUa,0.841,0.529,140.048,0.18600000000000005,2020-01-04 07:27:22.343828,0.3,28.5
77,77,77,Armed And Dangerous,Juice WRLD,5wujBwqG7INdStqGd4tRMX,0.736,0.67,130.032,0.845,2020-01-05 07:27:22.343828,0.0,27.0
78,78,78,Lie,NF,07FkzikE6FuHIa8Ma7zJGc,0.513,0.6609999999999999,94.791,0.179,2020-01-06 07:27:22.343828,0.0,23.6
79,79,79,Let You Down,NF,52okn5MNA47tk87PeZJLEL,0.662,0.7140000000000001,147.997,0.464,2020-01-07 07:27:22.343828,0.0,24.7
80,80,80,The Search,NF,3oLe5ZILASG8vU5dxIMfLY,0.789,0.789,119.95,0.37,2020-01-08 07:27:22.343828,0.1,15.0
81,81,81,Spring Day,BTS,0WNGsQ1oAuHzNTk8jivBKW,0.539,0.846,106.992,0.46,2020-01-09 07:27:22.343828,0.0,20.3
82,82,82,Save Me,BTS,54s6sdPuMjVtdB5d5KFzTC,0.614,0.823,139.94799999999998,0.539,2020-01-10 07:27:22.343828,-0.4,43.0
83,83,83,I'm Fine,BTS,0EQMrxdeiBhry9JCxskko3,0.51,0.8420000000000001,87.605,0.302,2020-01-11 07:27:22.343828,0.3,20.4
84,84,84,ROXANNE - Remix,Arizona Zervas,5hC7h0yWVMkxhLbNXCscBR,0.696,0.6629999999999999,175.075,0.423,2020-01-12 07:27:22.343828,-0.1,14.0
85,85,85,Paradise,Bazzi,0Rx0DJI556Ix5gBny6EWmn,0.8440000000000001,0.644,122.061,0.591,2020-01-13 07:27:22.343828,0.0,21.2
86,86,86,Good Life,Jacob Pinto,3jlLKpGTUrhXPbAC0Hx3H3,0.7190000000000001,0.7709999999999999,109.952,0.48,2020-01-14 07:27:22.343828,0.2,17.7
87,87,87,Way Back Home (feat. Conor Maynard) - Sam Feldt Edit,SHAUN,1ZLrDPgR7mvuTco3rQK8Pk,0.737,0.747,105.943,0.447,2020-01-15 07:27:22.343828,-0.2,23.6
88,88,88,ON,BTS,2QyuXBcV1LJ2rq01KhreMF,0.583,0.8170000000000001,105.936,0.438,2020-01-16 07:27:22.343828,0.2,23.8
89,89,89,cutthroat,iann dior,6Dww26l37RgujIGsfDmDLp,0.659,0.594,77.994,0.232,2020-01-17 07:27:22.343828,0.0,15.4
90,90,90,Magic Shop,BTS,22ryCgQttpV7oCrn7llGRu,0.541,0.6609999999999999,149.92600000000004,0.285,2020-01-18 07:27:22.343828,0.2,17.0
91,91,91,All Girls Are The Same,Juice WRLD,4VXIryQMWpIdGgYR4TrjT1,0.6709999999999999,0.529,161.989,0.203,2020-01-19 07:27:22.343828,0.1,12.8
92,92,92,Chicken Noodle Soup (feat. Becky G),j-hope,6wyr4ReB05D9sJB1Rsmcqo,0.826,0.8170000000000001,97.053,0.168,2020-01-20 07:27:22.343828,0.1,18.5
93,93,93,It's Definitely You,V,2LowwiemmGMzzNSH1PJprK,0.737,0.731,94.999,0.7609999999999999,2020-01-21 07:27:22.343828,0.1,27.5
94,94,94,seoul (prod. HONNE),RM,73ipE4lfZ53pvBbJPXkiEK,0.5870000000000001,0.664,99.8,0.453,2020-01-22 07:27:22.343828,0.2,24.7
95,95,95,So Far Away,Agust D,41sIKltzKnhFsDXWTKjO3R,0.485,0.828,93.723,0.277,2020-01-23 07:27:22.343828,0.1,11.7
96,96,96,moonchild,RM,5Zlo5ZYjrr6DwQw1kBi5bA,0.504,0.8690000000000001,157.99200000000005,0.19,2020-01-24 07:27:22.343828,0.1,16.0
97,97,97,Mikrokosmos,BTS,5hnbE5BF2e8BCk9OMR1UVC,0.58,0.858,174.03900000000004,0.475,2020-01-25 07:27:22.343828,0.1,20.3
98,98,98,LOVE SCENARIO,iKON,6qAzAmPBUpGrk7XADZHR5k,0.8059999999999999,0.7070000000000001,118.011,0.746,2020-01-26 07:27:22.343828,0.0,15.0
99,99,99,,,6Upu6yjkdi0DVI8E3IBZEU,0.7809999999999999,0.6829999999999999,100.005,0.722,2020-01-27 07:27:22.343828,0.2,22.8
100,100,100,Euphoria,BTS,3p6hnejEQYXkiTO1lAzVc0,0.637,0.799,104.995,0.562,2020-01-28 07:27:22.343828,0.1,18.9
101,101,101,FAKE LOVE,BTS,3aW0ds4A4tSQDIp75FqWTo,0.557,0.7190000000000001,77.501,0.344,2020-01-29 07:27:22.343828,-0.4,36.7
102,102,102,HOME,BTS,7lthOBXNue2IvedLRfkod8,0.633,0.799,142.991,0.535,2020-01-30 07:27:22.343828,-0.1,39.7
103,103,103,Stay With Me,CHANYEOL,1HYzRuWjmS9LXCkdVHi25K,0.5579999999999999,0.526,124.709,0.202,2020-01-31 07:27:22.343828,0.2,16.4
104,104,104,Oxygen,Jackson Wang,1L3l7GXxByDSriYTwbwuZm,0.7290000000000001,0.718,123.892,0.412,2020-02-01 07:27:22.343828,-0.1,15.8
105,105,105,Make It Right,BTS,6KUE0HSSudAp9AOycaF6SH,0.638,0.703,105.766,0.261,2020-02-02 07:27:22.343828,0.0,22.0
106,106,106,Dimple,BTS,0DrxFkuc1mpxdbUbssLQ4d,0.612,0.8440000000000001,134.868,0.653,2020-02-03 07:27:22.343828,0.0,33.6
107,107,107,Best Of Me,BTS,3KGEbCfnzAzFVimY9p62MN,0.6509999999999999,0.7559999999999999,121.96,0.473,2020-02-04 07:27:22.343828,0.0,18.6
108,108,108,Dream Glow (BTS World Original Soundtrack) [Pt. 1],BTS,6xtmK2QQfRd7xCwyejl2oV,0.735,0.74,141.94799999999995,0.541,2020-02-05 07:27:22.343828,0.0,24.2
109,109,109,Wow.,Post Malone,6MWtB6iiXyIwun0YzU6DFP,0.833,0.539,99.947,0.385,2020-02-06 07:27:22.343828,-0.1,33.9
110,110,110,Sunflower - Spider-Man: Into the Spider-Verse,Post Malone,3KkXRkHbMCARz0aVfEt68P,0.76,0.479,89.911,0.913,2020-02-07 07:27:22.343828,0.0,23.3
111,111,111,Noticed,Lil Mosey,6JQvHMSaR8flFsN53ypOfP,0.6990000000000001,0.5579999999999999,79.992,0.493,2020-02-08 07:27:22.343828,-0.2,39.2
112,112,112,Kamikaze,Lil Mosey,1iPBD72u3nAyFEeardYuBV,0.792,0.5710000000000001,99.999,0.556,2020-02-09 07:27:22.343828,0.0,35.4
113,113,113,Robbery,Juice WRLD,711MglQhnhOF3UAiAs9A59,0.669,0.6829999999999999,159.996,0.579,2020-02-10 07:27:22.343828,-0.1,18.8
114,114,114,CLOUT COBAIN | CLOUT CO13A1N,Denzel Curry,0UgavZ34yLBu8LtA6Bwxch,0.794,0.448,120.055,0.588,2020-02-11 07:27:22.343828,0.0,24.8
115,115,115,,,1iIhGHzzrzqQfuNkFI2qAn,0.8740000000000001,0.787,108.007,0.8959999999999999,2020-02-12 07:27:22.343828,0.2,22.8
116,116,116,The Search,NF,2OKo7g3KfmCt3kyLvUAL0g,0.789,0.7859999999999999,119.957,0.39,2020-02-13 07:27:22.343828,0.1,15.0
117,117,117,,,0ZeGfEAL5Rl4pd5LZBGuEK,0.6579999999999999,0.7490000000000001,128.909,0.442,2020-02-14 07:27:22.343828,0.2,22.8
118,118,118,,,78f6Qp6XQhSnJksCseLMMb,0.655,0.78,117.999,0.344,2020-02-15 07:27:22.343828,0.2,22.8
119,119,119,The Other Side,Jason Derulo,4CLZ3D2RCI5ZCfB51D6NwB,0.561,0.836,127.923,0.517,2020-02-16 07:27:22.343828,0.0,25.0
120,120,120,"Hey, Soul Sister",Train,4HlFJV71xXKIGcU3kRyttv,0.6729999999999999,0.8859999999999999,97.012,0.795,2020-02-17 07:27:22.343828,0.1,19.4
121,121,121,South of the Border (feat. Camila Cabello & Cardi B),Ed Sheeran,4vUmTMuQqjdnvlZmAH61Qk,0.857,0.621,97.989,0.6679999999999999,2020-02-18 07:27:22.343828,0.1,27.6
122,122,122,Payphone,Maroon 5,4P0osvTXoSYZZC2n8IFH3c,0.7390000000000001,0.7559999999999999,110.028,0.523,2020-02-19 07:27:22.343828,-0.2,43.1
123,123,123,Raise Your Glass,P!nk,1gv4xPanImH17bKZ9rOveR,0.7,0.7090000000000001,122.019,0.625,2020-02-20 07:27:22.343828,-0.2,28.0
124,124,124,Super Bass,Nicki Minaj,3hlksXnvbKogFdPbpO9vel,0.723,0.86,126.979,0.667,2020-02-21 07:27:22.343828,0.2,48.4
125,125,125,New Rules,Dua Lipa,2ekn2ttSfGqwhhate0LSR0,0.762,0.7,116.073,0.608,2020-02-22 07:27:22.343828,-0.2,30.0
126,126,126,Sweet but Psycho,Ava Max,25sgk305KZfyuqVBQIahim,0.7190000000000001,0.7040000000000001,133.002,0.628,2020-02-23 07:27:22.343828,-0.1,27.8
127,127,127,2002,Anne-Marie,2BgEsaKNfHUdlh97KmvFyo,0.6970000000000001,0.6829999999999999,96.133,0.603,2020-02-24 07:27:22.343828,0.2,26.9
128,128,128,Worth It (feat. Kid Ink),Fifth Harmony,2H6hkJrKaO6gYynZcUkp1Q,0.884,0.765,99.987,0.594,2020-02-25 07:27:22.343828,0.1,8.3
129,129,129,Style,Taylor Swift,4lIxdJw6W3Fg4vUIYCB0S5,0.598,0.7859999999999999,95.021,0.456,2020-02-26 07:27:22.343828,0.1,19.4
130,130,130,Talk Dirty (feat. 2 Chainz),Jason Derulo,2yFh7Oz9g0bpHp3iis2Iu2,0.76,0.652,100.315,0.759,2020-02-27 07:27:22.343828,-0.1,27.0
131,131,131,Side To Side,Ariana Grande,1pKeFVVUOPjFsOABub0OaV,0.65,0.736,159.173,0.613,2020-02-28 07:27:22.343828,0.0,25.9
132,132,132,OMG (feat. will.i.am),Usher,1bM50INir8voAkVoKuvEUI,0.7809999999999999,0.745,129.998,0.326,2020-02-29 07:27:22.343828,0.4,40.6
133,133,133,Replay,Iyaz,4E5P1XyAFtrjpiIxkydly4,0.706,0.7509999999999999,91.031,0.195,2020-03-01 07:27:22.343828,0.1,21.4
134,134,134,Remember the Name (feat. Styles of Beyond),Fort Minor,6ndmKwWqMozN2tcZqzCX4K,0.688,0.835,84.85799999999998,0.88,2020-03-02 07:27:22.343828,0.0,26.0
135,135,135,Bang Bang,Jessie J,2VhPOtIQw2UpQmRVevdviU,0.7070000000000001,0.752,150.061,0.7240000000000001,2020-03-03 07:27:22.343828,0.0,20.2
136,136,136,Troublemaker (feat. Flo Rida),Olly Murs,0gRczqVHrEQQDyizJUtgRc,0.7609999999999999,0.856,106.009,0.967,2020-03-04 07:27:22.343828,-0.2,29.2
137,137,137,Shake It Off,Taylor Swift,5xTtaWoae3wi06K5WfVUUH,0.648,0.785,160.02,0.943,2020-03-05 07:27:22.343828,-0.1,34.9
138,138,138,positions,Ariana Grande,35mvY5S1H3J2QZyna3TFe0,0.737,0.802,144.015,0.682,2020-03-06 07:27:22.343828,0.0,23.0
139,139,139,Dynamite,Taio Cruz,2CEgGE6aESpnmtfiZwYlbV,0.7509999999999999,0.7829999999999999,119.975,0.816,2020-03-07 07:27:22.343828,0.2,25.1
140,140,140,American Boy,Estelle,22UDw8rSfLbUsaAGTXQ4Z8,0.727,0.7290000000000001,117.932,0.512,2020-03-08 07:27:22.343828,0.1,31.8
141,141,141,Havana (feat. Young Thug),Camila Cabello,1rfofaqEpACxVEHIZBJe6W,0.765,0.523,104.988,0.394,2020-03-09 07:27:22.343828,0.1,25.1
142,142,142,Stronger (What Doesn't Kill You),Kelly Clarkson,6D60klaHqbCl9ySc8VcRss,0.562,0.939,116.044,0.684,2020-03-10 07:27:22.343828,-0.3,37.2
143,143,143,I Knew You Were Trouble.,Taylor Swift,72jCZdH0Lhg93z6Z4hBjgj,0.622,0.469,77.01899999999998,0.679,2020-03-11 07:27:22.343828,-0.1,29.9
144,144,144,TiK ToK,Kesha,0HPD5WQqrq7wPWR7P7Dw1i,0.755,0.8370000000000001,120.028,0.7140000000000001,2020-03-12 07:27:22.343828,0.0,27.8
145,145,145,"Hey, Soul Sister",Train,4HlFJV71xXKIGcU3kRyttv,0.6729999999999999,0.8859999999999999,97.012,0.795,2020-03-13 07:27:22.343828,0.1,19.4
146,146,146,Need You Now,Lady A,11EX5yhxr9Ihl3IN1asrfK,0.5870000000000001,0.622,107.943,0.231,2020-03-14 07:27:22.343828,0.0,13.5
147,147,147,California Gurls,Katy Perry,6tS3XVuOyu10897O3ae7bi,0.7909999999999999,0.754,125.014,0.425,2020-03-15 07:27:22.343828,0.2,29.5
148,148,148,Firework,Katy Perry,4lCv7b86sLynZbXhfScfm2,0.638,0.826,124.072,0.649,2020-03-16 07:27:22.343828,0.1,21.4
149,149,149,Teenage Dream,Katy Perry,55qBw1900pZKfXJ6Q9A2Lc,0.7190000000000001,0.804,119.999,0.605,2020-03-17 07:27:22.343828,0.1,30.5
150,150,150,Last Friday Night (T.G.I.F.),Katy Perry,455AfCsOhhLPRc68sE01D8,0.649,0.815,126.03,0.765,2020-03-18 07:27:22.343828,-0.1,23.4
151,151,151,OMG (feat. will.i.am),Usher,1bM50INir8voAkVoKuvEUI,0.7809999999999999,0.745,129.998,0.326,2020-03-19 07:27:22.343828,0.4,40.6
152,152,152,DJ Got Us Fallin' In Love (feat. Pitbull),Usher,4356Typ82hUiFAynbLYbPn,0.6629999999999999,0.861,119.963,0.654,2020-03-20 07:27:22.343828,0.2,31.3
153,153,153,Airplanes (feat. Hayley Williams of Paramore),B.o.B,6lV2MSQmRIkycDScNtrBXO,0.66,0.867,93.033,0.377,2020-03-21 07:27:22.343828,0.1,73.0
154,154,154,Dynamite,Taio Cruz,1DqdF42leyFIzqNDv9CjId,0.754,0.804,119.968,0.818,2020-03-22 07:27:22.343828,0.2,25.1
155,155,155,Love The Way You Lie,Eminem,15JINEqzVMv3SvJTAXAKED,0.7490000000000001,0.925,86.98899999999998,0.6409999999999999,2020-03-23 07:27:22.343828,-0.2,36.9
156,156,156,Bad Romance,Lady Gaga,0SiywuOBRcynK0uKGWdCnn,0.696,0.921,119.001,0.7140000000000001,2020-03-24 07:27:22.343828,0.0,49.3
157,157,157,Break Your Heart,Taio Cruz,1CdqVF1ywD0ZO1zXtB9yWa,0.6659999999999999,0.899,122.05,0.629,2020-03-25 07:27:22.343828,-0.1,18.0
158,158,158,Nothin' on You (feat. Bruno Mars),B.o.B,59dLtGBS26x7kc0rHbaPrq,0.688,0.853,103.993,0.743,2020-03-26 07:27:22.343828,0.1,73.0
159,159,159,Telephone,Lady Gaga,7rl7ao5pb9BhvAzPdWStxi,0.825,0.8320000000000001,122.021,0.713,2020-03-27 07:27:22.343828,-0.3,40.7
160,160,160,Fireflies,Owl City,3DamFFqW32WihKkTVlwTYQ,0.512,0.662,180.114,0.472,2020-03-28 07:27:22.343828,-0.3,18.6
161,161,161,Billionaire (feat. Bruno Mars),Travie McCoy,2M9ULmQwTaTGmAdXaXpfz5,0.633,0.6729999999999999,86.77600000000002,0.659,2020-03-29 07:27:22.343828,0.0,18.2
162,162,162,Grenade,Bruno Mars,2tJulUYLDKOg9XrtVkMgcJ,0.706,0.5579999999999999,110.443,0.227,2020-03-30 07:27:22.343828,-0.1,28.7
163,163,163,Just the Way You Are,Bruno Mars,7BqBn9nzAq8spo5e7cZ0dJ,0.637,0.843,109.012,0.434,2020-03-31 07:27:22.343828,0.2,22.8
164,164,164,Marry You,Bruno Mars,22PMfvdz35fFKYnJyMn077,0.62,0.8320000000000001,144.92600000000004,0.481,2020-04-01 07:27:22.343828,0.1,24.9
165,165,165,Lover,Taylor Swift,1dGr1c8CrMLDpV6mPbImSI,0.359,0.5429999999999999,68.53399999999999,0.453,2020-04-02 07:27:22.343828,0.2,14.4
166,166,166,ME! (feat. Brendon Urie of Panic! At The Disco),Taylor Swift,2Rk4JlNc2TPmZe2af99d45,0.61,0.83,182.162,0.728,2020-04-03 07:27:22.343828,0.1,22.0
167,167,167,You Need To Calm Down,Taylor Swift,6RRNNciQGZEXnqk8SQ9yv5,0.7709999999999999,0.6709999999999999,85.02600000000002,0.7140000000000001,2020-04-04 07:27:22.343828,-0.2,17.0
168,168,168,...Ready For It?,Taylor Swift,2yLa0QULdQr0qAIvVwN6B5,0.613,0.764,160.015,0.417,2020-04-05 07:27:22.343828,0.0,16.9
169,169,169,End Game,Taylor Swift,2x0WlnmfG39ZuDmstl9xfX,0.649,0.589,159.07299999999995,0.151,2020-04-06 07:27:22.343828,0.0,30.2
170,170,170,I Did Something Bad,Taylor Swift,4svZDCRz4cJoneBpjpx8DJ,0.696,0.602,82.98899999999998,0.305,2020-04-07 07:27:22.343828,0.1,37.0
171,171,171,Don’t Blame Me,Taylor Swift,1R0a2iXumgCiFb7HEZ7gUE,0.615,0.534,135.917,0.193,2020-04-08 07:27:22.343828,0.1,23.2
172,172,172,Delicate,Taylor Swift,6NFyWDv5CjfwuzoCkw47Xf,0.75,0.404,95.045,0.0499,2020-04-09 07:27:22.343828,0.0,27.0
173,173,173,Look What You Made Me Do,Taylor Swift,1P17dC1amhFzptugyAO7Il,0.7659999999999999,0.7090000000000001,128.07,0.506,2020-04-10 07:27:22.343828,-0.3,33.5
174,174,174,Welcome To New York,Taylor Swift,6qnM0XXPZOINWA778uNqQ9,0.7929999999999999,0.634,117.023,0.615,2020-04-11 07:27:22.343828,0.1,15.6
175,175,175,22,Taylor Swift,3bIxTsfeNMO7Nt2J3EUKrA,0.6579999999999999,0.7290000000000001,104.007,0.6679999999999999,2020-04-12 07:27:22.343828,0.1,25.4
176,176,176,I Knew You Were Trouble.,Taylor Swift,0ciHz919LVKoH4zgxyMPZ9,0.622,0.469,77.01899999999998,0.679,2020-04-13 07:27:22.343828,-0.3,37.2
177,177,177,We Are Never Ever Getting Back Together,Taylor Swift,1OYARuagDrpgNNQ4loO1Cs,0.628,0.6759999999999999,85.984,0.75,2020-04-14 07:27:22.343828,0.0,20.3
178,178,178,All About That Bass,Meghan Trainor,5jE48hhRu8E6zBDPRSkEq7,0.807,0.887,134.05200000000002,0.961,2020-04-15 07:27:22.343828,0.0,14.8
179,179,179,Animals,Maroon 5,5s8TNhF23nv2Pumf0JTe2i,0.279,0.742,189.868,0.328,2020-04-16 07:27:22.343828,0.0,33.6
180,180,180,Antisocial (with Travis Scott),Ed Sheeran,1DhRbox3xkceP64k3JeYfW,0.716,0.823,151.957,0.91,2020-04-17 07:27:22.343828,-0.2,24.3
181,181,181,Baby,Justin Bieber,6epn3r7S14KUqlReYr77hA,0.728,0.8590000000000001,65.043,0.535,2020-04-18 07:27:22.343828,0.0,24.5
182,182,182,Beautiful People (feat. Khalid),Ed Sheeran,4evmHXcjt3bTUHD1cvny97,0.64,0.648,92.977,0.5479999999999999,2020-04-19 07:27:22.343828,0.2,19.6
183,183,183,Believer,Imagine Dragons,0pqnGHJpmpxLKifKRmU6WP,0.7759999999999999,0.78,124.949,0.6659999999999999,2020-04-20 07:27:22.343828,0.0,40.3
184,184,184,Best Song Ever,One Direction,5T7ZFtCcOgkpjxcuaeZbw0,0.652,0.877,118.491,0.486,2020-04-21 07:27:22.343828,0.2,24.2
185,185,185,Big Plans,Why Don't We,6Yx181fZzA0YE2EkUsYruq,0.693,0.604,75.014,0.6509999999999999,2020-04-22 07:27:22.343828,0.0,25.3
186,186,186,Blame It on the Night (Don't Blame It on Me),DJ Click Clack,2VsdJBJnYhdufX8o9AkVGg,0.561,0.7390000000000001,128.03,0.607,2020-04-23 07:27:22.343828,0.0,20.5
187,187,187,Cake By The Ocean,DNCE,76hfruVvmfQbw0eYn1nmeC,0.774,0.753,119.002,0.8959999999999999,2020-04-24 07:27:22.343828,-0.1,45.8
188,188,188,Can't Hold Us - feat. Ray Dalton,Macklemore & Ryan Lewis,3bidbhpOYeV4knp8AIu8Xn,0.6409999999999999,0.922,146.078,0.847,2020-04-25 07:27:22.343828,-0.1,41.2
189,189,189,"CAN'T STOP THE FEELING! (Original Song from DreamWorks Animation's ""TROLLS"")",Justin Timberlake,1WkMMavIMc4JZ8cfMmxHkI,0.669,0.8320000000000001,113.035,0.7,2020-04-26 07:27:22.343828,-0.1,21.1
190,190,190,Cold (feat. Future),Maroon 5,7gwLQ4tZ5UdZ7qNcDyJ8wr,0.693,0.7170000000000001,99.836,0.412,2020-04-27 07:27:22.343828,-0.2,13.6
191,191,191,Cross Me (feat. Chance the Rapper & PnB Rock),Ed Sheeran,4wuCQX7JvAZLlrcmH4AeZF,0.746,0.787,95.005,0.607,2020-04-28 07:27:22.343828,0.6,37.1
192,192,192,Daylight,Maroon 5,3cvNxYnBgh6ystYLC6NQTT,0.662,0.67,119.977,0.35200000000000004,2020-04-29 07:27:22.343828,0.0,25.4
193,193,193,Demons,Imagine Dragons,3LlAyCYU26dvFZBDUIMb7a,0.505,0.71,89.93799999999997,0.428,2020-04-30 07:27:22.343828,0.1,21.0
194,194,194,Diamonds,Rihanna,1z9kQ14XBSN0r2v6fx4IdG,0.564,0.71,91.972,0.393,2020-05-01 07:27:22.343828,0.3,40.2
195,195,195,Drag Me Down,One Direction,2K87XMYnUMqLcX3zvtAF4G,0.73,0.703,138.113,0.595,2020-05-02 07:27:22.343828,0.2,30.6
196,196,196,Feels (feat. Young Thug & J Hus),Ed Sheeran,1Bdptrvb7nQkq8kCw3siE9,0.665,0.68,91.667,0.69,2020-05-03 07:27:22.343828,0.0,36.5
197,197,197,Girls Like You (feat. Cardi B),Maroon 5,6V1bu6o1Yo5ZXnsCJU8Ovk,0.851,0.541,124.959,0.448,2020-05-04 07:27:22.343828,-0.1,11.7
198,198,198,Glorious (feat. Skylar Grey),Macklemore,0CokSRCu5hZgPxcZBaEzVE,0.731,0.794,139.994,0.35600000000000004,2020-05-05 07:27:22.343828,0.1,20.6
199,199,199,Gold,Kiiara,6ZSO7kPn8IMJFymyticbJO,0.6,0.412,113.049,0.408,2020-05-06 07:27:22.343828,-0.1,18.2
200,200,200,Help Me Out (with Julia Michaels),Maroon 5,1Px62X35tayLsX5V1qx1Mb,0.934,0.564,115.092,0.5429999999999999,2020-05-07 07:27:22.343828,-0.1,26.3
201,201,201,"Hey Look Ma, I Made It",Panic! At The Disco,22oEJW6r2rMb9z4IntfyEa,0.5770000000000001,0.833,107.936,0.58,2020-05-08 07:27:22.343828,0.1,34.3
202,202,202,High Hopes,Panic! At The Disco,1rqqCSm0Qe4I9rUvWncaom,0.579,0.904,82.014,0.6809999999999999,2020-05-09 07:27:22.343828,0.1,26.9
203,203,203,How Do You Sleep?,Sam Smith,6b2RcmUt1g9N9mQ3CbjX2Y,0.477,0.682,110.567,0.345,2020-05-10 07:27:22.343828,0.0,16.1
204,204,204,I Don't Care (with Justin Bieber),Ed Sheeran,3HVWdVOQ0ZA45FuZGSfvns,0.7979999999999999,0.675,101.956,0.8420000000000001,2020-05-11 07:27:22.343828,-0.1,22.1
205,205,205,"I'm the One (feat. Justin Bieber, Quavo, Chance the Rapper & Lil Wayne)",DJ Khaled,1jYiIOC5d6soxkJP81fxq2,0.599,0.667,80.984,0.8170000000000001,2020-05-12 07:27:22.343828,0.0,17.3
206,206,206,iSpy (feat. Lil Yachty),KYLE,2EEeOnHehOozLq4aS0n6SL,0.746,0.653,75.016,0.672,2020-05-13 07:27:22.343828,0.2,26.8
207,207,207,Jealous,Nick Jonas,2RqtfcLB7iOZj0zYB8Auhu,0.7,0.701,93.012,0.38,2020-05-14 07:27:22.343828,0.0,22.7
208,208,208,Just You and I,Tom Walker,4Fvtl6P5d8h2lzzwhUCHHD,0.5670000000000001,0.696,92.061,0.544,2020-05-15 07:27:22.343828,-0.1,22.9
209,209,209,Lips Are Movin,Meghan Trainor,6gj08XDlv9Duc2fPOxUmVD,0.775,0.825,139.091,0.95,2020-05-16 07:27:22.343828,0.2,50.6
210,210,210,Love Somebody,Maroon 5,12tUCBq7V9qCF8qGOLpcnu,0.675,0.79,120.015,0.423,2020-05-17 07:27:22.343828,0.0,25.4
211,211,211,Lucky Strike,Maroon 5,5b2aMqcSeAMlDptX6EjE7m,0.674,0.74,143.998,0.431,2020-05-18 07:27:22.343828,0.2,14.8
212,212,212,Maps,Maroon 5,2FtGF9wKcbAXsXlB2WTmxM,0.742,0.713,120.032,0.879,2020-05-19 07:27:22.343828,0.0,22.2
213,213,213,Moves Like Jagger - Studio Recording From The Voice Performance,Maroon 5,6V96SdYTeLb6J1JwBKvmZx,0.711,0.514,128.034,0.628,2020-05-20 07:27:22.343828,0.0,15.6
214,214,214,My Bad,Khalid,1DUSuNhF8P5vUGNPpQiZa5,0.645,0.568,84.999,0.391,2020-05-21 07:27:22.343828,0.1,19.4
215,215,215,No Brainer,DJ Khaled,5WvAo7DNuPRmk4APhdPzi8,0.552,0.76,135.702,0.639,2020-05-22 07:27:22.343828,-0.2,43.1
216,216,216,Nothing On You (feat. Paulo Londra & Dave),Ed Sheeran,2qRN7PWiHRLprw4FpDeI9N,0.747,0.649,88.01100000000002,0.84,2020-05-23 07:27:22.343828,0.4,20.7
217,217,217,On A Roll,Ashley O,56JyMaElW79S7TDWh1Zw1m,0.736,0.81,125.011,0.387,2020-05-24 07:27:22.343828,-0.2,16.5
218,218,218,One More Night,Maroon 5,4XNrMwGx1SqP01sqkGTDmo,0.718,0.82,92.998,0.613,2020-05-25 07:27:22.343828,0.0,19.1
219,219,219,Only Human,Jonas Brothers,0DiDStADDVh3SvAsoJAFMk,0.795,0.496,94.01,0.8740000000000001,2020-05-26 07:27:22.343828,0.0,19.9
220,220,220,Party In The U.S.A.,Miley Cyrus,5Q0Nhxo0l2bP3pNjpGJwV1,0.652,0.698,96.021,0.47,2020-05-27 07:27:22.343828,0.0,11.5
221,221,221,Payphone,Maroon 5,4P0osvTXoSYZZC2n8IFH3c,0.7390000000000001,0.7559999999999999,110.028,0.523,2020-05-28 07:27:22.343828,0.1,19.7
222,222,222,Perfect,Ed Sheeran,0tgVpDi06FyKpA1z0VMD4v,0.599,0.448,95.05,0.168,2020-05-29 07:27:22.343828,-0.1,20.1
223,223,223,Pompeii,Bastille,3gbBpTdY8lnQwqxNCcf795,0.679,0.715,127.435,0.5710000000000001,2020-05-30 07:27:22.343828,-0.2,21.7
224,224,224,Post Malone (feat. RANI),Sam Feldt,0qc4QlcCxVTGyShurEv1UU,0.59,0.642,107.356,0.6509999999999999,2020-05-31 07:27:22.343828,0.2,21.2
225,225,225,Power Over Me,Dermot Kennedy,0OGNtqKkjI7FCE9HZ4Khgo,0.42,0.843,173.827,0.491,2020-06-01 07:27:22.343828,0.1,26.3
226,226,226,Radioactive,Imagine Dragons,4G8gkOterJn0Ywt6uhqbhp,0.448,0.784,136.245,0.236,2020-06-02 07:27:22.343828,0.1,49.8
227,227,227,Remember The Name (feat. Eminem & 50 Cent),Ed Sheeran,0AtP8EkGPn6SwxKDaUuXec,0.852,0.6659999999999999,91.046,0.726,2020-06-03 07:27:22.343828,-0.1,23.5
228,228,228,Royals,Lorde,2dLLR6qlu5UJ5gk0dKz0h3,0.674,0.428,84.87799999999999,0.337,2020-06-04 07:27:22.343828,-0.6,27.6
229,229,229,Say Something (feat. Chris Stapleton),Justin Timberlake,09ts3GnICqYEU5PkQCpJK3,0.7070000000000001,0.632,97.04,0.3720000000000001,2020-06-05 07:27:22.343828,-0.1,31.9
230,230,230,See You Again (feat. Charlie Puth),Wiz Khalifa,2JzZzZUQj3Qff7wapcbKjc,0.6890000000000001,0.481,80.025,0.28300000000000003,2020-06-06 07:27:22.343828,0.3,16.1
231,231,231,Señorita,Shawn Mendes,0TK2YIli7K1leLovkQiNik,0.759,0.54,116.947,0.75,2020-06-07 07:27:22.343828,0.1,27.6
232,232,232,Shape of You,Ed Sheeran,7qiZfU4dY1lWllzX7mPBI3,0.825,0.652,95.977,0.931,2020-06-08 07:27:22.343828,0.0,27.5
233,233,233,Shut Up and Dance,WALK THE MOON,0kzw2tRyuL9rzipi5ntlIy,0.578,0.866,128.03799999999998,0.619,2020-06-09 07:27:22.343828,0.0,11.8
234,234,234,Sorry,Justin Bieber,09CtPGIpYB4BrO8qb1RGsF,0.654,0.76,99.945,0.41,2020-06-10 07:27:22.343828,0.0,16.6
235,235,235,Sorry Not Sorry,Demi Lovato,743mWMRgafToEUJriLLgkg,0.695,0.632,143.79399999999995,0.86,2020-06-11 07:27:22.343828,0.0,28.2
236,236,236,SOS,Avicii,6nDKrPlXdpomGBgAlO7UdP,0.802,0.645,100.001,0.376,2020-06-12 07:27:22.343828,0.0,20.5
237,237,237,South of the Border (feat. Camila Cabello & Cardi B),Ed Sheeran,4vUmTMuQqjdnvlZmAH61Qk,0.857,0.621,97.989,0.6679999999999999,2020-06-13 07:27:22.343828,0.0,25.9
238,238,238,'Till I Collapse,Eminem,4xkOaSrkexMciUUogZKVTS,0.5479999999999999,0.847,171.447,0.1,2020-06-14 07:27:22.343828,-0.2,48.8
239,239,239,Remember the Name (feat. Styles of Beyond),Fort Minor,6ndmKwWqMozN2tcZqzCX4K,0.688,0.835,84.85799999999998,0.88,2020-06-15 07:27:22.343828,0.0,26.0
240,240,240,"Honey, I'm Good.",Andy Grammer,4MflGTO2ZTcSQ12bWcyRgI,0.752,0.775,122.014,0.595,2020-06-16 07:27:22.343828,0.0,21.3
241,241,241,Whistle,Flo Rida,3bC1ahPIYt1btJzSSEyyrF,0.747,0.937,103.976,0.7390000000000001,2020-06-17 07:27:22.343828,0.0,26.0
242,242,242,My House,Flo Rida,6Knv6wdA0luoMUuuoYi2i1,0.688,0.7020000000000001,94.006,0.74,2020-06-18 07:27:22.343828,0.1,19.7
243,243,243,I Like Me Better,Lauv,2P91MQbaiQOfbiz9VqhqKQ,0.752,0.505,91.97,0.419,2020-06-19 07:27:22.343828,0.2,15.3
244,244,244,I Knew You Were Trouble.,Taylor Swift,72jCZdH0Lhg93z6Z4hBjgj,0.622,0.469,77.01899999999998,0.679,2020-06-20 07:27:22.343828,-0.3,37.2
245,245,245,Tonight Tonight,Hot Chelle Rae,2i0AUcEnsDm3dsqLrFWUCq,0.6859999999999999,0.7829999999999999,99.978,0.8140000000000001,2020-06-21 07:27:22.343828,0.0,25.4
246,246,246,"Me, Myself & I",G-Eazy,40YcuQysJ0KlGQTeGUosTC,0.7559999999999999,0.674,111.995,0.389,2020-06-22 07:27:22.343828,0.1,43.7
247,247,247,Daylight,Maroon 5,6TwfdLbaxTKzQi3AgsZNzx,0.657,0.679,120.007,0.331,2020-06-23 07:27:22.343828,-0.1,21.1
248,248,248,Some Nights,fun.,6t6oULCRS6hnI7rm0h5gwl,0.672,0.738,107.938,0.392,2020-06-24 07:27:22.343828,-0.1,28.8
249,249,249,Havana (feat. Young Thug),Camila Cabello,1rfofaqEpACxVEHIZBJe6W,0.765,0.523,104.988,0.394,2020-06-25 07:27:22.343828,0.0,18.2
250,250,250,Billionaire (feat. Bruno Mars),Travie McCoy,2M9ULmQwTaTGmAdXaXpfz5,0.633,0.6729999999999999,86.77600000000002,0.659,2020-06-26 07:27:22.343828,0.0,22.3
251,251,251,Treat You Better,Shawn Mendes,3QGsuHI8jO1Rx4JWLUh9jd,0.444,0.8190000000000001,82.695,0.747,2020-06-27 07:27:22.343828,0.1,25.4
252,252,252,22,Taylor Swift,6ce41JVa6KFaryfmC2bu2W,0.6609999999999999,0.7290000000000001,103.987,0.6679999999999999,2020-06-28 07:27:22.343828,0.2,23.5
253,253,253,Somebody That I Used To Know,Gotye,4wCmqSrbyCgxEXROQE6vtV,0.8640000000000001,0.495,129.062,0.72,2020-06-29 07:27:22.343828,0.0,16.7
254,254,254,Paris,The Chainsmokers,15vzANxN8G9wWfwAJLLMCg,0.6459999999999999,0.644,99.999,0.251,2020-06-30 07:27:22.343828,0.0,10.2
255,255,255,The One That Got Away,Katy Perry,3oL3XRtkP1WVbMxf7dtTdu,0.687,0.792,133.96200000000002,0.8640000000000001,2020-07-01 07:27:22.343828,0.2,21.3
256,256,256,Glad You Came,The Wanted,3AGOgQzp0YcPH41u9p7dOp,0.61,0.841,126.889,0.431,2020-07-02 07:27:22.343828,-0.1,22.6
257,257,257,There's Nothing Holdin' Me Back,Shawn Mendes,7JJmb5XwzOO8jgpou264Ml,0.866,0.813,121.998,0.969,2020-07-03 07:27:22.343828,0.2,25.7
258,258,258,Don't Let Me Down,The Chainsmokers,1i1fxkWeaMmKEB4T7zqbzK,0.532,0.8690000000000001,159.803,0.422,2020-07-04 07:27:22.343828,0.0,14.4
259,259,259,Wake Me Up,Avicii,4h8VwCb1MTGoLKueQ1WgbD,0.532,0.7829999999999999,124.08,0.643,2020-07-05 07:27:22.343828,0.3,34.3
260,260,260,Classic,MKTO,6FE2iI43OZnszFLuLtvvmg,0.72,0.7909999999999999,102.071,0.7559999999999999,2020-07-06 07:27:22.343828,0.0,14.4
261,261,261,One Call Away,Charlie Puth,7soJgKhQTO8hLP2JPRkL5O,0.667,0.613,91.024,0.47,2020-07-07 07:27:22.343828,0.2,21.2
262,262,262,See You Again (feat. Charlie Puth),Wiz Khalifa,2JzZzZUQj3Qff7wapcbKjc,0.6890000000000001,0.481,80.025,0.28300000000000003,2020-07-08 07:27:22.343828,-0.2,21.1
263,263,263,Stitches,Shawn Mendes,5jsw9uXEGuKyJzs0boZ1bT,0.752,0.754,149.789,0.755,2020-07-09 07:27:22.343828,0.0,23.3
264,264,264,We R Who We R,Kesha,0Ji2g9AlYLVHAMG5PJoHPU,0.7340000000000001,0.821,119.993,0.648,2020-07-10 07:27:22.343828,-0.2,13.6
265,265,265,Demons,Imagine Dragons,3LlAyCYU26dvFZBDUIMb7a,0.505,0.71,89.93799999999997,0.428,2020-07-11 07:27:22.343828,0.0,17.3
266,266,266,You Belong With Me,Taylor Swift,3GCL1PydwsLodcpv0Ll1ch,0.687,0.7829999999999999,129.964,0.443,2020-07-12 07:27:22.343828,0.3,19.3
267,267,267,Fresh Eyes,Andy Grammer,4nMlau89VAjmV7agkl7OY3,0.8220000000000001,0.544,122.047,0.861,2020-07-13 07:27:22.343828,0.0,27.2
268,268,268,Eastside (with Halsey & Khalid),benny blanco,0d2iYfpKoM0QCKvcLCkBao,0.56,0.68,89.391,0.319,2020-07-14 07:27:22.343828,0.0,23.5
269,269,269,Rise,Jonas Blue,3u1S1OmAUhx5DRlLrXqyp3,0.69,0.784,106.066,0.669,2020-07-15 07:27:22.343828,0.0,16.1
270,270,270,Let Her Go,Passenger,6GmUVqe73u5YRfUUynZK6I,0.479,0.545,74.89699999999998,0.244,2020-07-16 07:27:22.343828,0.4,20.7
271,271,271,Perfect,Ed Sheeran,0tgVpDi06FyKpA1z0VMD4v,0.599,0.448,95.05,0.168,2020-07-17 07:27:22.343828,0.0,11.5
272,272,272,Radioactive,Imagine Dragons,4G8gkOterJn0Ywt6uhqbhp,0.448,0.784,136.245,0.236,2020-07-18 07:27:22.343828,0.0,33.2
273,273,273,broken,lovelytheband,6XcfKZvJio9Z0fQy11GnNX,0.6659999999999999,0.728,122.996,0.51,2020-07-19 07:27:22.343828,0.0,15.9
274,274,274,Truthfully,DNCE,2lBqyCeue1bCd6HCZtKXHu,0.723,0.643,102.015,0.5479999999999999,2020-07-20 07:27:22.343828,0.2,29.5
275,275,275,California Gurls,Katy Perry,6tS3XVuOyu10897O3ae7bi,0.7909999999999999,0.754,125.014,0.425,2020-07-21 07:27:22.343828,0.1,29.1
276,276,276,Stereo Hearts (feat. Adam Levine),Gym Class Heroes,0qOnSQQF0yzuPWsXrQ9paz,0.6459999999999999,0.795,89.99,0.7959999999999999,2020-07-22 07:27:22.343828,0.1,13.6
277,277,277,Starving,Hailee Steinfeld,4Ce37cRWvM1vIGGynKcs22,0.728,0.616,99.962,0.508,2020-07-23 07:27:22.343828,0.1,21.4
278,278,278,Firework,Katy Perry,4lCv7b86sLynZbXhfScfm2,0.638,0.826,124.072,0.649,2020-07-24 07:27:22.343828,0.1,30.5
279,279,279,Teenage Dream,Katy Perry,55qBw1900pZKfXJ6Q9A2Lc,0.7190000000000001,0.804,119.999,0.605,2020-07-25 07:27:22.343828,0.3,16.5
280,280,280,Count on Me,Bruno Mars,7l1qvxWjxcKpB9PCtBuTbU,0.5770000000000001,0.397,89.044,0.509,2020-07-26 07:27:22.343828,0.0,13.7
281,281,281,Lean On,Major Lazer,1Lim1Py7xBgbAkAys3AGAG,0.723,0.809,98.007,0.274,2020-07-27 07:27:22.343828,0.0,16.6
282,282,282,Meant to Be (feat. Florida Georgia Line),Bebe Rexha,7iDa6hUg2VgEL1o1HjmfBn,0.643,0.7829999999999999,154.084,0.579,2020-07-28 07:27:22.343828,0.0,20.9
283,283,283,Back to You (feat. Bebe Rexha & Digital Farm Animals),Louis Tomlinson,7F9vK8hNFMml4GtHsaXui6,0.6829999999999999,0.53,75.016,0.645,2020-07-29 07:27:22.343828,0.0,38.6
284,284,284,Blank Space,Taylor Swift,1p80LdxRV74UKvL8gnD7ky,0.752,0.6779999999999999,96.009,0.583,2020-07-30 07:27:22.343828,-0.1,19.0
285,285,285,Call You Mine,The Chainsmokers,1SNiXDwSilLujcYdvfqVpT,0.591,0.7020000000000001,104.003,0.501,2020-07-31 07:27:22.343828,-0.1,11.1
286,286,286,Connection,OneRepublic,3T4UodGkfZObJ43RtA5KFU,0.611,0.602,168.15400000000002,0.624,2020-08-01 07:27:22.343828,-0.2,22.9
287,287,287,Cooler Than Me - Single Mix,Mike Posner,2V4bv1fNWfTcyRJKmej6Sj,0.768,0.82,129.969,0.625,2020-08-02 07:27:22.343828,-0.1,31.6
288,288,288,Counting Stars,OneRepublic,6sy3LkhNFjJWlaeSMNwQ62,0.664,0.705,122.017,0.477,2020-08-03 07:27:22.343828,0.3,31.3
289,289,289,Give Love,Andy Grammer,4T6GFhzAe4tJvwzFWqxkCs,0.742,0.816,166.12900000000005,0.5820000000000001,2020-08-04 07:27:22.343828,-0.1,18.2
290,290,290,High Hopes,Panic! At The Disco,1rqqCSm0Qe4I9rUvWncaom,0.579,0.904,82.014,0.6809999999999999,2020-08-05 07:27:22.343828,0.1,21.0
291,291,291,I'm Yours,Jason Mraz,1EzrEOXmMH3G43AXT1y7pA,0.6859999999999999,0.457,150.953,0.718,2020-08-06 07:27:22.343828,0.2,22.8
292,292,292,Just the Way You Are,Bruno Mars,7BqBn9nzAq8spo5e7cZ0dJ,0.637,0.843,109.012,0.434,2020-08-07 07:27:22.343828,-0.1,23.4
293,293,293,Last Friday Night (T.G.I.F.),Katy Perry,455AfCsOhhLPRc68sE01D8,0.649,0.815,126.03,0.765,2020-08-08 07:27:22.343828,-0.2,21.8
294,294,294,The Lazy Song,Bruno Mars,1ExfPZEiahqhLyajhybFeS,0.738,0.804,174.94299999999996,0.949,2020-08-09 07:27:22.343828,0.0,19.4
295,295,295,Not Over You,Gavin DeGraw,6j7hih15xG2cdYwIJnQXsq,0.63,0.894,142.05100000000004,0.364,2020-08-10 07:27:22.343828,-0.1,26.5
296,296,296,Part Of Me,Katy Perry,1nZzRJbFvCEct3uzu04ZoL,0.6779999999999999,0.918,130.028,0.769,2020-08-11 07:27:22.343828,0.1,49.8
297,297,297,Shape of You,Ed Sheeran,0FE9t6xYkqWXU2ahLh6D8X,0.825,0.652,95.977,0.931,2020-08-12 07:27:22.343828,0.0,22.3
298,298,298,Something Just Like This,The Chainsmokers,1dNIEtp7AY3oDAKCGg2XkH,0.607,0.649,102.996,0.505,2020-08-13 07:27:22.343828,0.1,11.9
299,299,299,Supermarket Flowers,Ed Sheeran,4VuS959DSpr82t3qBqCrWG,0.589,0.242,89.749,0.257,2020-08-14 07:27:22.343828,0.2,35.6
300,300,300,Talking Body,Tove Lo,2tpfxAXiI52znho4WE3XFA,0.736,0.7609999999999999,119.999,0.114,2020-08-15 07:27:22.343828,0.0,20.3
301,301,301,We Are Never Ever Getting Back Together,Taylor Swift,7AEAGTc8cReDqcbPoY9gwo,0.628,0.6759999999999999,85.984,0.75,2020-08-16 07:27:22.343828,0.1,25.4
302,302,302,22,Taylor Swift,2ULNeSomDxVNmdDy8VxEBU,0.6579999999999999,0.7290000000000001,104.007,0.6679999999999999,2020-08-17 07:27:22.343828,0.2,23.5
303,303,303,Wildest Dreams,Taylor Swift,59HjlYCeBsxdI0fcm3zglw,0.5529999999999999,0.664,140.06,0.467,2020-08-18 07:27:22.343828,-0.4,43.9
304,304,304,Bad Blood,Taylor Swift,273dCMFseLcVsoSWx59IoE,0.652,0.802,170.157,0.295,2020-08-19 07:27:22.343828,0.0,17.5
305,305,305,The Way I Are (Dance with Somebody) [feat. Lil Wayne],Bebe Rexha,3ZkUWF1MVm3tLgz7dplGpk,0.466,0.659,186.169,0.36,2020-08-20 07:27:22.343828,0.0,21.7
306,306,306,Love Story,Taylor Swift,1vrd6UOGamcKNGnSHJQlSt,0.618,0.741,118.984,0.29600000000000004,2020-08-21 07:27:22.343828,0.0,33.7
307,307,307,La Da Dee,Cody Simpson,0ccwMrlZONy5yXrirq7lTe,0.657,0.828,115.954,0.5660000000000001,2020-08-22 07:27:22.343828,-0.2,27.6
308,308,308,"i hate u, i love u (feat. olivia o'brien)",gnash,7vRriwrloYVaoAe3a9wJHe,0.4920000000000001,0.275,92.6,0.18,2020-08-23 07:27:22.343828,-0.1,11.2
309,309,309,Drag Me Down,One Direction,2K87XMYnUMqLcX3zvtAF4G,0.73,0.703,138.113,0.595,2020-08-24 07:27:22.343828,0.0,25.4
310,310,310,The Middle,Zedd,09IStsImFySgyp0pIQdqAc,0.753,0.657,107.01,0.4370000000000001,2020-08-25 07:27:22.343828,-0.3,22.8
311,311,311,Me And My Broken Heart,Rixton,1oew3nFNY3vMacJAsvry0S,0.545,0.7829999999999999,174.084,0.551,2020-08-26 07:27:22.343828,0.0,22.7
312,312,312,Blank Space,Taylor Swift,2ls70nUDfjzm1lSRDuKxmw,0.752,0.6779999999999999,96.009,0.583,2020-08-27 07:27:22.343828,0.0,38.6
313,313,313,Payphone,Maroon 5,1LmN9SSHISbtp9LoaR5ZVJ,0.7390000000000001,0.7559999999999999,110.028,0.523,2020-08-28 07:27:22.343828,-0.2,43.1
314,314,314,Classic,MKTO,6FE2iI43OZnszFLuLtvvmg,0.72,0.7909999999999999,102.071,0.7559999999999999,2020-08-29 07:27:22.343828,0.3,34.3
315,315,315,Story of My Life,One Direction,4nVBt6MZDDP6tRVdQTgxJg,0.6,0.6629999999999999,121.07,0.28600000000000003,2020-08-30 07:27:22.343828,0.1,22.8
316,316,316,Heart Attack,Demi Lovato,1V6gIisPpYqgFeWbMLI0bA,0.504,0.785,173.968,0.502,2020-08-31 07:27:22.343828,-0.2,29.5
317,317,317,Treat You Better,Shawn Mendes,3QGsuHI8jO1Rx4JWLUh9jd,0.444,0.8190000000000001,82.695,0.747,2020-09-01 07:27:22.343828,0.0,22.3
318,318,318,Closer,The Chainsmokers,7BKLCZ1jbUBVqRi2FVlTVw,0.748,0.524,95.01,0.6609999999999999,2020-09-02 07:27:22.343828,-0.2,29.3
319,319,319,Glad You Came,The Wanted,3AGOgQzp0YcPH41u9p7dOp,0.61,0.841,126.889,0.431,2020-09-03 07:27:22.343828,0.2,21.3
320,320,320,I Like Me Better,Lauv,2P91MQbaiQOfbiz9VqhqKQ,0.752,0.505,91.97,0.419,2020-09-04 07:27:22.343828,0.2,15.3
321,321,321,Scars To Your Beautiful,Alessia Cara,0prNGof3XqfTvNDxHonvdK,0.573,0.7390000000000001,97.085,0.451,2020-09-05 07:27:22.343828,0.3,28.5
322,322,322,What Makes You Beautiful,One Direction,4cluDES4hQEUhmXj6TXkSo,0.726,0.787,124.99,0.888,2020-09-06 07:27:22.343828,0.1,27.5
323,323,323,Stitches,Shawn Mendes,1WP1r7fuvRqZRnUaTi2I1Q,0.746,0.754,149.882,0.764,2020-09-07 07:27:22.343828,-0.2,21.1
324,324,324,Shout Out to My Ex,Little Mix,1pwo8l3Ko7idwaz4LVUEC4,0.773,0.747,126.014,0.8,2020-09-08 07:27:22.343828,0.2,39.1
325,325,325,Fight Song,Rachel Platten,37f4ITSlgPX81ad2EvmVQr,0.564,0.7140000000000001,175.924,0.33,2020-09-09 07:27:22.343828,0.0,19.2
326,326,326,Stay,Zedd,6uBhi9gBXWjanegOb2Phh0,0.69,0.622,102.04,0.544,2020-09-10 07:27:22.343828,0.0,11.8
327,327,327,Starving,Hailee Steinfeld,6DG2g1UhROp5pnM8fx7zH2,0.695,0.615,99.817,0.532,2020-09-11 07:27:22.343828,0.1,13.6
328,328,328,"Sit Still, Look Pretty",Daya,0EGuSSpuu9wmHCtvb4PdLO,0.655,0.74,182.105,0.5429999999999999,2020-09-12 07:27:22.343828,-0.1,32.7
329,329,329,Stereo Hearts (feat. Adam Levine),Gym Class Heroes,0BgRaFy7qnwT1PuUmSTFkf,0.6459999999999999,0.795,89.99,0.7959999999999999,2020-09-13 07:27:22.343828,0.1,29.1
330,330,330,There's Nothing Holdin' Me Back,Shawn Mendes,7JJmb5XwzOO8jgpou264Ml,0.866,0.813,121.998,0.969,2020-09-14 07:27:22.343828,-0.1,22.6
331,331,331,Good Time,Owl City,1kPpge9JDLpcj15qgrPbYX,0.56,0.872,126.05,0.682,2020-09-15 07:27:22.343828,0.4,32.7
332,332,332,Sorry Not Sorry,Demi Lovato,7gvd8xj4QgPqbQSsn5pV7d,0.705,0.64,144.077,0.887,2020-09-16 07:27:22.343828,-0.1,31.9
333,333,333,Youngblood,5 Seconds of Summer,2iUXsYOEPhVqEBwsqP70rE,0.596,0.8540000000000001,120.274,0.152,2020-09-17 07:27:22.343828,-0.1,31.4
334,334,334,Counting Stars,OneRepublic,1QzFhzIOW7CyRJLpmq5CM0,0.6629999999999999,0.705,122.014,0.477,2020-09-18 07:27:22.343828,0.2,37.1
335,335,335,Starving,Hailee Steinfeld,4Ce37cRWvM1vIGGynKcs22,0.728,0.616,99.962,0.508,2020-09-19 07:27:22.343828,0.1,13.6
336,336,336,Sucker,Jonas Brothers,22vgEDb5hykfaTwLuskFGD,0.8420000000000001,0.7340000000000001,137.958,0.952,2020-09-20 07:27:22.343828,0.0,16.6
337,337,337,Meant to Be (feat. Florida Georgia Line),Bebe Rexha,7iDa6hUg2VgEL1o1HjmfBn,0.643,0.7829999999999999,154.084,0.579,2020-09-21 07:27:22.343828,0.0,16.6
338,338,338,We Are Never Ever Getting Back Together,Taylor Swift,7AEAGTc8cReDqcbPoY9gwo,0.628,0.6759999999999999,85.984,0.75,2020-09-22 07:27:22.343828,0.0,20.3
339,339,339,Stereo Hearts (feat. Adam Levine),Gym Class Heroes,0qOnSQQF0yzuPWsXrQ9paz,0.6459999999999999,0.795,89.99,0.7959999999999999,2020-09-23 07:27:22.343828,0.1,29.1
340,340,340,"Let Me Go (with Alesso, Florida Georgia Line & watt)",Hailee Steinfeld,5Gu0PDLN4YJeW75PpBSg9p,0.664,0.708,103.07,0.742,2020-09-24 07:27:22.343828,-0.1,31.6
341,341,341,Counting Stars,OneRepublic,6sy3LkhNFjJWlaeSMNwQ62,0.664,0.705,122.017,0.477,2020-09-25 07:27:22.343828,0.2,37.1
342,342,342,We Can't Stop,Miley Cyrus,2y4lAQpi5VTNLu2ldeTdUH,0.613,0.622,80.003,0.484,2020-09-26 07:27:22.343828,0.0,27.5
343,343,343,Starships,Nicki Minaj,1UgW0l9aia2l4SjQSGwF2q,0.746,0.728,125.027,0.718,2020-09-27 07:27:22.343828,0.0,22.2
344,344,344,Work from Home (feat. Ty Dolla $ign),Fifth Harmony,4tCtwWceOPWzenK2HAIJSb,0.8029999999999999,0.585,105.017,0.593,2020-09-28 07:27:22.343828,0.2,29.1
345,345,345,Never Forget You,Zara Larsson,6hmhG1b4LEyNuashVvuIAo,0.583,0.732,145.99200000000005,0.276,2020-09-29 07:27:22.343828,-0.1,23.5
346,346,346,Shut Up and Dance,WALK THE MOON,4kbj5MwxO1bq9wjT5g9HaA,0.578,0.866,128.03799999999998,0.619,2020-09-30 07:27:22.343828,-0.2,21.6
347,347,347,Call Me Maybe,Carly Rae Jepsen,3TGRqZ0a2l1LRblBkJoaDx,0.7829999999999999,0.58,120.021,0.66,2020-10-01 07:27:22.343828,-0.2,23.8
348,348,348,Die Young,Kesha,7EQGXaVSyEDsCWKmUcfpLk,0.711,0.7,128.001,0.8009999999999999,2020-10-02 07:27:22.343828,0.1,24.2
349,349,349,Hall of Fame (feat. will.i.am),The Script,1X1DWw2pcNZ8zSub3uhlNz,0.421,0.873,84.803,0.63,2020-10-03 07:27:22.343828,-0.1,26.8
350,350,350,Attention,Charlie Puth,5cF0dROlMOK5uNZtivgu50,0.775,0.613,100.066,0.797,2020-10-04 07:27:22.343828,0.1,25.1
351,351,351,Stronger (What Doesn't Kill You),Kelly Clarkson,5RSvwLrSfyWB6AyQbziH4Q,0.5589999999999999,0.937,116.016,0.677,2020-10-05 07:27:22.343828,0.0,19.2
352,352,352,Clarity,Zedd,60wwxj6Dd9NJlirf84wr2c,0.509,0.7809999999999999,128.0,0.17600000000000002,2020-10-06 07:27:22.343828,-0.1,34.9
353,353,353,Shake It Off,Taylor Swift,5xTtaWoae3wi06K5WfVUUH,0.648,0.785,160.02,0.943,2020-10-07 07:27:22.343828,-0.1,24.6
354,354,354,Please Don't Go,Joel Adams,3cNjgVBKTJ1SvKhunrCdVy,0.513,0.768,84.264,0.235,2020-10-08 07:27:22.343828,0.0,24.5
355,355,355,Baby,Justin Bieber,6epn3r7S14KUqlReYr77hA,0.728,0.8590000000000001,65.043,0.535,2020-10-09 07:27:22.343828,0.1,17.8
356,356,356,YOUTH,Troye Sivan,1cOyWWUr3oXJIxY0AjJEx9,0.628,0.737,91.507,0.5920000000000001,2020-10-10 07:27:22.343828,0.1,23.1
357,357,357,In the Name of Love,Martin Garrix,23L5CiUhw2jV1OIMwthR3S,0.501,0.519,133.99,0.168,2020-10-11 07:27:22.343828,0.0,27.8
358,358,358,TiK ToK,Kesha,0HPD5WQqrq7wPWR7P7Dw1i,0.755,0.8370000000000001,120.028,0.7140000000000001,2020-10-12 07:27:22.343828,0.0,28.2
359,359,359,Sugar,Maroon 5,2iuZJX9X9P0GKaE93xcPjk,0.748,0.7879999999999999,120.076,0.884,2020-10-13 07:27:22.343828,0.1,25.1
360,360,360,"I Don’t Wanna Live Forever (Fifty Shades Darker) - From ""Fifty Shades Darker (Original Motion Picture Soundtrack)""",ZAYN,3NdDpSvN911VPGivFlV5d0,0.735,0.451,117.973,0.0862,2020-10-14 07:27:22.343828,0.0,20.2
361,361,361,Stronger (What Doesn't Kill You),Kelly Clarkson,6D60klaHqbCl9ySc8VcRss,0.562,0.939,116.044,0.684,2020-10-15 07:27:22.343828,0.0,19.2
362,362,362,Bang Bang,Jessie J,0puf9yIluy9W0vpMEUoAnN,0.706,0.7859999999999999,150.028,0.7509999999999999,2020-10-16 07:27:22.343828,0.2,25.1
363,363,363,Timber (feat. Ke$ha),Pitbull,3cHyrEgdyYRjgJKSOiOtcS,0.581,0.963,129.99200000000002,0.7879999999999999,2020-10-17 07:27:22.343828,0.0,21.4
364,364,364,Dynamite,Taio Cruz,1DqdF42leyFIzqNDv9CjId,0.754,0.804,119.968,0.818,2020-10-18 07:27:22.343828,0.3,40.2
365,365,365,Little Do You Know,Alex & Sierra,1almCHdsfikRPfVB9VrEdT,0.5,0.292,145.879,0.37,2020-10-19 07:27:22.343828,0.0,24.9
366,366,366,Girls Like You (feat. Cardi B),Maroon 5,6V1bu6o1Yo5ZXnsCJU8Ovk,0.851,0.541,124.959,0.448,2020-10-20 07:27:22.343828,-0.2,30.0
367,367,367,Happier,Marshmello,2dpaYNEQHiRxtZbfNsse99,0.687,0.792,100.015,0.6709999999999999,2020-10-21 07:27:22.343828,-0.1,28.7
368,368,368,New Rules,Dua Lipa,2ekn2ttSfGqwhhate0LSR0,0.762,0.7,116.073,0.608,2020-10-22 07:27:22.343828,0.0,33.7
369,369,369,Grenade,Bruno Mars,2tJulUYLDKOg9XrtVkMgcJ,0.706,0.5579999999999999,110.443,0.227,2020-10-23 07:27:22.343828,0.0,29.1
370,370,370,Domino,Jessie J,2fQxE0jVrjNMT9oJAXtSJR,0.758,0.557,126.986,0.7809999999999999,2020-10-24 07:27:22.343828,0.1,73.0
371,371,371,Jealous - Remix,Nick Jonas,5NQJnRpJHRaupdegphntQT,0.684,0.71,93.007,0.451,2020-10-25 07:27:22.343828,0.1,19.9
372,372,372,Airplanes (feat. Hayley Williams of Paramore),B.o.B,6lV2MSQmRIkycDScNtrBXO,0.66,0.867,93.033,0.377,2020-10-26 07:27:22.343828,-0.1,27.2
373,373,373,Cold Water,Major Lazer,7zsXy7vlHdItvUSH8EwQss,0.608,0.7979999999999999,92.943,0.501,2020-10-27 07:27:22.343828,0.2,22.8
374,374,374,Love Yourself,Justin Bieber,50kpGaPAhYJ3sGmk6vplg0,0.609,0.378,100.418,0.515,2020-10-28 07:27:22.343828,0.1,38.7
375,375,375,Just the Way You Are,Bruno Mars,7BqBn9nzAq8spo5e7cZ0dJ,0.637,0.843,109.012,0.434,2020-10-29 07:27:22.343828,0.2,22.1
376,376,376,Lush Life,Zara Larsson,1rIKgCH4H52lrvDcz50hS8,0.6940000000000001,0.7120000000000001,98.022,0.799,2020-10-30 07:27:22.343828,-0.1,27.3
377,377,377,Heartbeat Song,Kelly Clarkson,7FC9Lng8iXU081lbigu8m8,0.49,0.7979999999999999,149.109,0.479,2020-10-31 07:27:22.343828,-0.2,29.2
378,378,378,FRIENDS,Marshmello,08bNPGLD8AhKpnnERrAc6G,0.626,0.88,95.079,0.534,2020-11-01 07:27:22.343828,0.3,69.9
379,379,379,We Don't Talk Anymore (feat. Selena Gomez),Charlie Puth,37FXw5QGFN7uwwsLy8uAc0,0.728,0.563,100.017,0.35200000000000004,2020-11-02 07:27:22.343828,0.1,21.4
380,380,380,Mirrors,Justin Timberlake,4rHZZAmHpZrA3iH5zx8frV,0.574,0.512,76.899,0.512,2020-11-03 07:27:22.343828,-0.6,27.6
381,381,381,Firework,Katy Perry,4r6eNCsrZnQWJzzvFh4nlg,0.638,0.8320000000000001,124.071,0.648,2020-11-04 07:27:22.343828,0.3,24.9
382,382,382,Sorry,Justin Bieber,69bp2EbF7Q2rqc5N3ylezZ,0.654,0.76,99.945,0.41,2020-11-05 07:27:22.343828,0.2,12.3
383,383,383,Rude,MAGIC!,6RtPijgfPKROxEzTHNRiDp,0.774,0.7559999999999999,144.032,0.931,2020-11-06 07:27:22.343828,0.0,25.4
384,384,384,That's What I Like,Bruno Mars,0KKkJNfGyhkQ5aFogxQAPU,0.853,0.56,134.066,0.86,2020-11-07 07:27:22.343828,0.0,28.2
385,385,385,Tonight Tonight,Hot Chelle Rae,2i0AUcEnsDm3dsqLrFWUCq,0.6859999999999999,0.7829999999999999,99.978,0.8140000000000001,2020-11-08 07:27:22.343828,0.1,23.6
386,386,386,Wild Ones (feat. Sia),Flo Rida,1NpW5kyvO4XrNJ3rnfcNy3,0.608,0.86,127.075,0.4370000000000001,2020-11-09 07:27:22.343828,-0.1,10.7
387,387,387,Say You Won't Let Go,James Arthur,5uCax9HTNlzGybIStD3vDh,0.358,0.557,85.04299999999998,0.494,2020-11-10 07:27:22.343828,0.1,21.4
388,388,388,Titanium (feat. Sia),David Guetta,77TT8Xvx637TpzV8kKGkUw,0.604,0.7879999999999999,126.06,0.301,2020-11-11 07:27:22.343828,-0.6,27.6
389,389,389,Firework,Katy Perry,4lCv7b86sLynZbXhfScfm2,0.638,0.826,124.072,0.649,2020-11-12 07:27:22.343828,0.3,24.9
390,390,390,Sorry,Justin Bieber,09CtPGIpYB4BrO8qb1RGsF,0.654,0.76,99.945,0.41,2020-11-13 07:27:22.343828,0.2,12.3
391,391,391,Best Day Of My Life,American Authors,5Hroj5K7vLpIG4FNCRIjbP,0.6729999999999999,0.902,100.012,0.5379999999999999,2020-11-14 07:27:22.343828,0.0,22.3
392,392,392,Heroes (we could be),Alesso,3zU9rdflI65tK4dkkNSp77,0.503,0.748,125.896,0.35600000000000004,2020-11-15 07:27:22.343828,0.2,48.4
393,393,393,Havana (feat. Young Thug),Camila Cabello,1rfofaqEpACxVEHIZBJe6W,0.765,0.523,104.988,0.394,2020-11-16 07:27:22.343828,0.2,19.6
394,394,394,Something Just Like This,The Chainsmokers,6RUKPb4LETWmmr3iAEQktW,0.617,0.635,103.019,0.446,2020-11-17 07:27:22.343828,0.0,23.3
395,395,395,Super Bass,Nicki Minaj,0iYebKFUSfF72fUu2OW6ZT,0.72,0.861,126.991,0.669,2020-11-18 07:27:22.343828,0.0,14.4
396,396,396,Beautiful People (feat. Khalid),Ed Sheeran,70eFcWOvlMObDhURTqT4Fv,0.64,0.647,92.979,0.546,2020-11-19 07:27:22.343828,-0.1,23.8
397,397,397,Roar,Katy Perry,6F5c58TMEs1byxUstkzVeM,0.5539999999999999,0.772,179.984,0.455,2020-11-20 07:27:22.343828,0.3,34.1
398,398,398,"Love Me Like You Do - From ""Fifty Shades Of Grey""",Ellie Goulding,2l8w0zZVn4AZNuzrht7MRT,0.475,0.606,94.994,0.282,2020-11-21 07:27:22.343828,0.1,30.5
399,399,399,Wake Me Up,Avicii,4h8VwCb1MTGoLKueQ1WgbD,0.532,0.7829999999999999,124.08,0.643,2020-11-22 07:27:22.343828,0.2,21.4
400,400,400,What Do You Mean?,Justin Bieber,4B0JvthVoAAuygILe3n4Bs,0.845,0.5670000000000001,125.02,0.7929999999999999,2020-11-23 07:27:22.343828,0.1,19.4
401,401,401,Boom Clap,Charli XCX,3Bf1NNE546UncByPsDHuMH,0.659,0.911,91.999,0.5760000000000001,2020-11-24 07:27:22.343828,-0.2,23.4
402,402,402,Teenage Dream,Katy Perry,55qBw1900pZKfXJ6Q9A2Lc,0.7190000000000001,0.804,119.999,0.605,2020-11-25 07:27:22.343828,0.0,22.2
403,403,403,Want to Want Me,Jason Derulo,7oGZAicScQt96OAW4AruYy,0.775,0.68,114.025,0.6559999999999999,2020-11-26 07:27:22.343828,0.2,30.4
404,404,404,"Hey, Soul Sister",Train,4HlFJV71xXKIGcU3kRyttv,0.6729999999999999,0.8859999999999999,97.012,0.795,2020-11-27 07:27:22.343828,-0.1,28.6
405,405,405,Stereo Hearts (feat. Adam Levine),Gym Class Heroes,0qOnSQQF0yzuPWsXrQ9paz,0.6459999999999999,0.795,89.99,0.7959999999999999,2020-11-28 07:27:22.343828,0.1,29.1
406,406,406,Demons,Imagine Dragons,3LlAyCYU26dvFZBDUIMb7a,0.505,0.71,89.93799999999997,0.428,2020-11-29 07:27:22.343828,-0.2,13.6
407,407,407,Wake Me Up,Avicii,4h8VwCb1MTGoLKueQ1WgbD,0.532,0.7829999999999999,124.08,0.643,2020-11-30 07:27:22.343828,0.0,14.4
408,408,408,Thunder,Imagine Dragons,1zB4vmk8tFRmM9UULNzbLB,0.605,0.8220000000000001,167.997,0.28800000000000003,2020-12-01 07:27:22.343828,0.0,14.1
409,409,409,I Gotta Feeling,Black Eyed Peas,4vp2J1l5RD4gMZwGFLfRAu,0.743,0.7659999999999999,127.96,0.61,2020-12-02 07:27:22.343828,0.3,34.8
410,410,410,Radioactive,Imagine Dragons,4G8gkOterJn0Ywt6uhqbhp,0.448,0.784,136.245,0.236,2020-12-03 07:27:22.343828,0.0,11.5
411,411,411,Uptown Funk (feat. Bruno Mars),Mark Ronson,32OlwWuMpZ6b0aN2RZOeMS,0.856,0.609,114.988,0.928,2020-12-04 07:27:22.343828,0.0,35.8
412,412,412,DJ Got Us Fallin' In Love (feat. Pitbull),Usher,4356Typ82hUiFAynbLYbPn,0.6629999999999999,0.861,119.963,0.654,2020-12-05 07:27:22.343828,0.2,31.3
413,413,413,"Hey, Soul Sister",Train,4HlFJV71xXKIGcU3kRyttv,0.6729999999999999,0.8859999999999999,97.012,0.795,2020-12-06 07:27:22.343828,0.1,19.4
414,414,414,24K Magic,Bruno Mars,6b8Be6ljOzmkOmFslEb23P,0.818,0.8029999999999999,106.97,0.632,2020-12-07 07:27:22.343828,0.0,36.1
415,415,415,Best Song Ever,One Direction,5T7ZFtCcOgkpjxcuaeZbw0,0.652,0.877,118.491,0.486,2020-12-08 07:27:22.343828,0.2,24.2
416,416,416,Eastside (with Halsey & Khalid),benny blanco,0d2iYfpKoM0QCKvcLCkBao,0.56,0.68,89.391,0.319,2020-12-09 07:27:22.343828,0.0,27.2
417,417,417,Happier,Marshmello,2dpaYNEQHiRxtZbfNsse99,0.687,0.792,100.015,0.6709999999999999,2020-12-10 07:27:22.343828,0.0,24.9
418,418,418,Stay,Zedd,6uBhi9gBXWjanegOb2Phh0,0.69,0.622,102.04,0.544,2020-12-11 07:27:22.343828,0.0,11.8
419,419,419,High Hopes,Panic! At The Disco,1rqqCSm0Qe4I9rUvWncaom,0.579,0.904,82.014,0.6809999999999999,2020-12-12 07:27:22.343828,-0.1,18.2
420,420,420,Counting Stars,OneRepublic,6sy3LkhNFjJWlaeSMNwQ62,0.664,0.705,122.017,0.477,2020-12-13 07:27:22.343828,-0.1,31.6
421,421,421,Just the Way You Are,Bruno Mars,7BqBn9nzAq8spo5e7cZ0dJ,0.637,0.843,109.012,0.434,2020-12-14 07:27:22.343828,0.2,22.8
422,422,422,Sunflower - Spider-Man: Into the Spider-Verse,Post Malone,3KkXRkHbMCARz0aVfEt68P,0.76,0.479,89.911,0.913,2020-12-15 07:27:22.343828,-0.8,0.8
423,423,423,"Let Me Go (with Alesso, Florida Georgia Line & watt)",Hailee Steinfeld,5Gu0PDLN4YJeW75PpBSg9p,0.664,0.708,103.07,0.742,2020-12-16 07:27:22.343828,0.0,40.4
424,424,424,Don't Wanna Know (feat. Kendrick Lamar),Maroon 5,1nueTG77MzNkJTKQ0ZdGzT,0.7829999999999999,0.61,100.047,0.418,2020-12-17 07:27:22.343828,-0.3,22.8
425,425,425,The Middle,Zedd,09IStsImFySgyp0pIQdqAc,0.753,0.657,107.01,0.4370000000000001,2020-12-18 07:27:22.343828,0.2,15.3
426,426,426,I Like Me Better,Lauv,2P91MQbaiQOfbiz9VqhqKQ,0.752,0.505,91.97,0.419,2020-12-19 07:27:22.343828,0.0,20.9
427,427,427,Back to You (feat. Bebe Rexha & Digital Farm Animals),Louis Tomlinson,7F9vK8hNFMml4GtHsaXui6,0.6829999999999999,0.53,75.016,0.645,2020-12-20 07:27:22.343828,0.3,40.2
428,428,428,Girls Like You (feat. Cardi B),Maroon 5,6V1bu6o1Yo5ZXnsCJU8Ovk,0.851,0.541,124.959,0.448,2020-12-21 07:27:22.343828,0.1,13.6
429,429,429,Starving,Hailee Steinfeld,4Ce37cRWvM1vIGGynKcs22,0.728,0.616,99.962,0.508,2020-12-22 07:27:22.343828,0.2,21.2
430,430,430,See You Again (feat. Charlie Puth),Wiz Khalifa,2JzZzZUQj3Qff7wapcbKjc,0.6890000000000001,0.481,80.025,0.28300000000000003,2020-12-23 07:27:22.343828,0.0,10.2
431,431,431,Havana (feat. Young Thug),Camila Cabello,1rfofaqEpACxVEHIZBJe6W,0.765,0.523,104.988,0.394,2020-12-24 07:27:22.343828,-0.3,37.2
432,432,432,The One That Got Away,Katy Perry,3oL3XRtkP1WVbMxf7dtTdu,0.687,0.792,133.96200000000002,0.8640000000000001,2020-12-25 07:27:22.343828,0.0,29.9
433,433,433,I Knew You Were Trouble.,Taylor Swift,72jCZdH0Lhg93z6Z4hBjgj,0.622,0.469,77.01899999999998,0.679,2020-12-26 07:27:22.343828,0.4,20.7
434,434,434,Take Me to Church,Hozier,1CS7Sd1u5tWkstBhpssyjP,0.5660000000000001,0.664,128.945,0.4370000000000001,2020-12-27 07:27:22.343828,-0.3,21.9
435,435,435,Perfect,Ed Sheeran,0tgVpDi06FyKpA1z0VMD4v,0.599,0.448,95.05,0.168,2020-12-28 07:27:22.343828,0.0,20.3
436,436,436,All Time Low,Jon Bellion,0SuLAslEMFZAXf0SwY7syi,0.617,0.5670000000000001,90.246,0.505,2020-12-29 07:27:22.343828,0.3,19.3
437,437,437,We Are Never Ever Getting Back Together,Taylor Swift,7AEAGTc8cReDqcbPoY9gwo,0.628,0.6759999999999999,85.984,0.75,2020-12-30 07:27:22.343828,0.3,16.5
438,438,438,Fresh Eyes,Andy Grammer,5NDUXbMwcnTQp66tI2zcdR,0.828,0.56,122.054,0.872,2020-12-31 07:27:22.343828,-0.1,15.1
439,439,439,Count on Me,Bruno Mars,7l1qvxWjxcKpB9PCtBuTbU,0.5770000000000001,0.397,89.044,0.509,2021-01-01 07:27:22.343828,0.0,17.3
440,440,440,Viva La Vida,Coldplay,1mea3bSkSGXuIRvnydlB5b,0.486,0.617,138.015,0.417,2021-01-02 07:27:22.343828,0.0,25.4
441,441,441,You Belong With Me,Taylor Swift,3GCL1PydwsLodcpv0Ll1ch,0.687,0.7829999999999999,129.964,0.443,2021-01-03 07:27:22.343828,0.0,14.6
442,442,442,Tonight Tonight,Hot Chelle Rae,2i0AUcEnsDm3dsqLrFWUCq,0.6859999999999999,0.7829999999999999,99.978,0.8140000000000001,2021-01-04 07:27:22.343828,0.0,22.3
443,443,443,Galway Girl,Ed Sheeran,0afhq8XCExXpqazXczTSve,0.624,0.8759999999999999,99.943,0.7809999999999999,2021-01-05 07:27:22.343828,0.3,30.0
444,444,444,Treat You Better,Shawn Mendes,3QGsuHI8jO1Rx4JWLUh9jd,0.444,0.8190000000000001,82.695,0.747,2021-01-06 07:27:22.343828,-0.2,17.7
445,445,445,Despacito - Remix,Luis Fonsi,6rPO02ozF3bM7NnOV4h6s2,0.653,0.816,178.085,0.816,2021-01-07 07:27:22.343828,0.0,12.9
446,446,446,Somebody That I Used To Know,Gotye,4wCmqSrbyCgxEXROQE6vtV,0.8640000000000001,0.495,129.062,0.72,2021-01-08 07:27:22.343828,0.1,25.4
447,447,447,Location,Khalid,152lZdxL1OR0ZMW6KquMif,0.736,0.449,80.126,0.326,2021-01-09 07:27:22.343828,0.0,16.1
448,448,448,22,Taylor Swift,6ce41JVa6KFaryfmC2bu2W,0.6609999999999999,0.7290000000000001,103.987,0.6679999999999999,2021-01-10 07:27:22.343828,-0.1,22.6
449,449,449,Let Her Go,Passenger,6GmUVqe73u5YRfUUynZK6I,0.479,0.545,74.89699999999998,0.244,2021-01-11 07:27:22.343828,0.0,27.5
450,450,450,There's Nothing Holdin' Me Back,Shawn Mendes,7JJmb5XwzOO8jgpou264Ml,0.866,0.813,121.998,0.969,2021-01-12 07:27:22.343828,0.3,14.4
451,451,451,Starships,Nicki Minaj,1oHNvJVbFkexQc0BpQp7Y4,0.747,0.716,125.008,0.7509999999999999,2021-01-13 07:27:22.343828,-0.1,28.8
452,452,452,Nevada,Vicetone,02shCNmb6IvgB5jLqKjtkK,0.605,0.7829999999999999,124.015,0.105,2021-01-14 07:27:22.343828,0.3,34.3
453,453,453,Some Nights,fun.,6t6oULCRS6hnI7rm0h5gwl,0.672,0.738,107.938,0.392,2021-01-15 07:27:22.343828,-0.4,23.0
454,454,454,Classic,MKTO,6FE2iI43OZnszFLuLtvvmg,0.72,0.7909999999999999,102.071,0.7559999999999999,2021-01-16 07:27:22.343828,0.0,18.2
455,455,455,I Took A Pill In Ibiza - Seeb Remix,Mike Posner,1MtUq6Wp1eQ8PC6BbPCj8P,0.664,0.7140000000000001,101.969,0.71,2021-01-17 07:27:22.343828,0.0,15.9
456,456,456,Billionaire (feat. Bruno Mars),Travie McCoy,2M9ULmQwTaTGmAdXaXpfz5,0.633,0.6729999999999999,86.77600000000002,0.659,2021-01-18 07:27:22.343828,0.0,36.7
457,457,457,Truthfully,DNCE,2lBqyCeue1bCd6HCZtKXHu,0.723,0.643,102.015,0.5479999999999999,2021-01-19 07:27:22.343828,0.0,20.5
458,458,458,Coming Home,Diddy - Dirty Money,6Iocm6VMu6bVNYwiDoyQFW,0.392,0.8390000000000001,168.00099999999995,0.232,2021-01-20 07:27:22.343828,0.2,21.3
459,459,459,Who Says,Selena Gomez & The Scene,3TcL0dyCMyr0kyTTc4NLgI,0.682,0.927,101.019,0.7440000000000001,2021-01-21 07:27:22.343828,-0.2,29.2
460,460,460,Symphony (feat. Zara Larsson),Clean Bandit,1x5sYLZiu9r5E43kMlt9f8,0.7070000000000001,0.629,122.863,0.457,2021-01-22 07:27:22.343828,0.1,30.5
461,461,461,Glad You Came,The Wanted,3AGOgQzp0YcPH41u9p7dOp,0.61,0.841,126.889,0.431,2021-01-23 07:27:22.343828,0.0,19.9
462,462,462,Troublemaker (feat. Flo Rida),Olly Murs,0gRczqVHrEQQDyizJUtgRc,0.7609999999999999,0.856,106.009,0.967,2021-01-24 07:27:22.343828,0.0,11.0
463,463,463,Teenage Dream,Katy Perry,55qBw1900pZKfXJ6Q9A2Lc,0.7190000000000001,0.804,119.999,0.605,2021-01-25 07:27:22.343828,-0.1,31.4
464,464,464,Neon Lights,Demi Lovato,34MJ07N9Bhu6iKPaxSVnCT,0.631,0.8190000000000001,125.928,0.733,2021-01-26 07:27:22.343828,0.5,34.7
465,465,465,Feel It Still,Portugal. The Man,6QgjcU0zLnzq5OrUoSZ3OK,0.8009999999999999,0.795,79.028,0.754,2021-01-27 07:27:22.343828,0.0,15.2
466,466,466,Youngblood,5 Seconds of Summer,55S2PQgSMYAhgoTCcGCDfw,0.596,0.8540000000000001,120.274,0.152,2021-01-28 07:27:22.343828,0.0,19.4
467,467,467,Love You Like A Love Song,Selena Gomez & The Scene,0laYHRpNTS6i8FXdupHkJ4,0.858,0.6779999999999999,117.009,0.922,2021-01-29 07:27:22.343828,0.0,19.2
468,468,468,7 Years,Lukas Graham,5kqIPrATaCc2LqxVWzQGbk,0.765,0.473,119.992,0.34,2021-01-30 07:27:22.343828,0.0,26.0
469,469,469,Not Over You,Gavin DeGraw,6j7hih15xG2cdYwIJnQXsq,0.63,0.894,142.05100000000004,0.364,2021-01-31 07:27:22.343828,-0.4,31.7
470,470,470,Timber (feat. Ke$ha),Pitbull,3cHyrEgdyYRjgJKSOiOtcS,0.581,0.963,129.99200000000002,0.7879999999999999,2021-02-01 07:27:22.343828,0.2,29.5
471,471,471,Whistle,Flo Rida,3bC1ahPIYt1btJzSSEyyrF,0.747,0.937,103.976,0.7390000000000001,2021-02-02 07:27:22.343828,0.0,23.3
472,472,472,Really Don't Care,Demi Lovato,5vTPxzm4h2bY9rYyVrGEU5,0.706,0.728,121.017,0.851,2021-02-03 07:27:22.343828,-0.1,26.8
473,473,473,California Gurls,Katy Perry,6tS3XVuOyu10897O3ae7bi,0.7909999999999999,0.754,125.014,0.425,2021-02-04 07:27:22.343828,0.0,12.1
474,474,474,We R Who We R,Kesha,3LUWWox8YYykohBbHUrrxd,0.736,0.8170000000000001,119.95,0.653,2021-02-05 07:27:22.343828,-0.2,30.0
475,475,475,Attention,Charlie Puth,5cF0dROlMOK5uNZtivgu50,0.775,0.613,100.066,0.797,2021-02-06 07:27:22.343828,0.3,36.4
476,476,476,Lights - Single Version,Ellie Goulding,7gUpO6td4OOnu0Lf9vhcIV,0.6829999999999999,0.789,120.013,0.809,2021-02-07 07:27:22.343828,-0.2,28.7
477,477,477,New Rules,Dua Lipa,2ekn2ttSfGqwhhate0LSR0,0.762,0.7,116.073,0.608,2021-02-08 07:27:22.343828,0.0,16.6
478,478,478,"I'm the One (feat. Justin Bieber, Quavo, Chance the Rapper & Lil Wayne)",DJ Khaled,1jYiIOC5d6soxkJP81fxq2,0.599,0.667,80.984,0.8170000000000001,2021-02-09 07:27:22.343828,-0.1,11.1
479,479,479,Just Can’t Get Enough,Black Eyed Peas,3JA9Jsuxr4xgHXEawAdCp4,0.659,0.628,94.05,0.262,2021-02-10 07:27:22.343828,0.0,21.3
480,480,480,1-800-273-8255,Logic,5tz69p7tJuGPeMGwNTxYuV,0.62,0.574,100.023,0.35700000000000004,2021-02-11 07:27:22.343828,-0.1,26.3
481,481,481,Meant to Be (feat. Florida Georgia Line),Bebe Rexha,7iDa6hUg2VgEL1o1HjmfBn,0.643,0.7829999999999999,154.084,0.579,2021-02-12 07:27:22.343828,-0.3,27.5
482,482,482,Connection,OneRepublic,3T4UodGkfZObJ43RtA5KFU,0.611,0.602,168.15400000000002,0.624,2021-02-13 07:27:22.343828,-0.2,30.2
483,483,483,"Honey, I'm Good.",Andy Grammer,4MflGTO2ZTcSQ12bWcyRgI,0.752,0.775,122.014,0.595,2021-02-14 07:27:22.343828,-0.1,38.9
484,484,484,How Do You Sleep?,Sam Smith,6b2RcmUt1g9N9mQ3CbjX2Y,0.477,0.682,110.567,0.345,2021-02-15 07:27:22.343828,0.0,40.3
485,485,485,"Flashlight (Sweet Life Mix) - From ""Pitch Perfect 2"" Soundtrack",Hailee Steinfeld,6W5RmgWh46p9RQ4LDezHKE,0.52,0.623,148.22799999999995,0.278,2021-02-16 07:27:22.343828,-0.2,23.4
486,486,486,Issues,Julia Michaels,7vu0JkJh0ldukEYbTVcqd0,0.728,0.415,114.145,0.455,2021-02-17 07:27:22.343828,-0.2,21.8
487,487,487,No Roots,Alice Merton,6gqW48WKOxrBEG2KfShI8W,0.863,0.657,115.958,0.8290000000000001,2021-02-18 07:27:22.343828,-0.1,23.2
488,488,488,Weak,AJR,45iMRHmfLZu3yjdZ8P5e3t,0.672,0.642,123.984,0.6559999999999999,2021-02-19 07:27:22.343828,-0.1,23.4
489,489,489,Believer,Imagine Dragons,0pqnGHJpmpxLKifKRmU6WP,0.7759999999999999,0.78,124.949,0.6659999999999999,2021-02-20 07:27:22.343828,-0.2,29.5
490,490,490,Slow Hands,Niall Horan,2cOUlop2ZakjOKe4WinesN,0.735,0.425,85.896,0.848,2021-02-21 07:27:22.343828,0.1,19.9
491,491,491,The Lazy Song,Bruno Mars,1ExfPZEiahqhLyajhybFeS,0.738,0.804,174.94299999999996,0.949,2021-02-22 07:27:22.343828,0.0,23.5
492,492,492,Bad At Love,Halsey,7y9iMe8SOB6z3NoHE2OfXl,0.675,0.7509999999999999,118.384,0.612,2021-02-23 07:27:22.343828,0.0,39.0
493,493,493,Last Friday Night (T.G.I.F.),Katy Perry,455AfCsOhhLPRc68sE01D8,0.649,0.815,126.03,0.765,2021-02-24 07:27:22.343828,0.2,25.7
494,494,494,Heart Attack,Demi Lovato,1V6gIisPpYqgFeWbMLI0bA,0.504,0.785,173.968,0.502,2021-02-25 07:27:22.343828,-0.1,37.4
495,495,495,Cold Water,Major Lazer,7zsXy7vlHdItvUSH8EwQss,0.608,0.7979999999999999,92.943,0.501,2021-02-26 07:27:22.343828,0.0,38.6
496,496,496,Cups (Pitch Perfect’s “When I’m Gone”) - Pop Version,Anna Kendrick,6mH3qVIeOsnQIAho5eWwhH,0.878,0.455,129.953,0.79,2021-02-27 07:27:22.343828,0.0,18.2
497,497,497,Rise,Jonas Blue,3u1S1OmAUhx5DRlLrXqyp3,0.69,0.784,106.066,0.669,2021-02-28 07:27:22.343828,-0.2,37.9
498,498,498,Rockabye (feat. Sean Paul & Anne-Marie),Clean Bandit,5knuzwU65gJK7IF5yJsuaW,0.72,0.763,101.965,0.742,2021-03-01 07:27:22.343828,0.0,23.3
499,499,499,Bikini Body,Dawin,0mM39ptTtRKkeSfwsFKFxt,0.645,0.795,197.683,0.779,2021-03-02 07:27:22.343828,0.0,21.0
500,500,500,Going Bad (feat. Drake),Meek Mill,2IRZnDFmlqMuOrYOLnZZyc,0.889,0.496,86.00299999999999,0.544,2021-03-03 07:27:22.343828,0.0,47.4
501,501,501,Growl,EXO,4pi0Elz7B7cLfw37J3bYm9,0.6809999999999999,0.8140000000000001,89.99,0.8759999999999999,2021-03-04 07:27:22.343828,0.1,24.2
502,502,502,Fear,SEVENTEEN,0fToFBFypPz5XMyAdAm7Ay,0.5920000000000001,0.946,146.037,0.705,2021-03-05 07:27:22.343828,0.0,31.3
503,503,503,Lazarus,Trip Lee,1zcOHUlFAZRt8IzpjM8moo,0.605,0.7390000000000001,169.94799999999995,0.0594,2021-03-06 07:27:22.343828,-0.2,45.7
